Time,Displacement,Force,Flexure displacement
(s),(mm),(N),(mm)
"0.0000","0.0000","69.1979","0.0000"
"0.1000","0.0071","70.7710","0.0071"
"0.2000","0.0182","73.4136","0.0182"
"0.3000","0.0280","75.5691","0.0280"
"0.4000","0.0380","77.3995","0.0380"
"0.5000","0.0480","78.8830","0.0480"
"0.6000","0.0580","80.4630","0.0580"
"0.7000","0.0680","81.9404","0.0680"
"0.8000","0.0779","83.4194","0.0779"
"0.9000","0.0880","84.8994","0.0880"
"1.0000","0.0980","86.3407","0.0980"
"1.1000","0.1080","87.8231","0.1080"
"1.2000","0.1180","89.2761","0.1180"
"1.3000","0.1279","90.6716","0.1279"
"1.4000","0.1380","92.1483","0.1380"
"1.5000","0.1480","93.6171","0.1480"
"1.6000","0.1580","95.0531","0.1580"
"1.7000","0.1680","96.4939","0.1680"
"1.8000","0.1779","97.9341","0.1779"
"1.9000","0.1879","99.3271","0.1879"
"2.0000","0.1980","100.7463","0.1980"
"2.1000","0.2080","102.1538","0.2080"
"2.2000","0.2180","103.5495","0.2180"
"2.3000","0.2280","104.9117","0.2280"
"2.4000","0.2379","106.2995","0.2379"
"2.5000","0.2480","107.7075","0.2480"
"2.6000","0.2580","109.1270","0.2580"
"2.7000","0.2680","110.5435","0.2680"
"2.8000","0.2780","111.9027","0.2780"
"2.9000","0.2879","113.2805","0.2879"
"3.0000","0.2980","114.6620","0.2980"
"3.1000","0.3080","116.0235","0.3080"
"3.2000","0.3180","117.4541","0.3180"
"3.3000","0.3280","118.8467","0.3280"
"3.4000","0.3380","120.1573","0.3380"
"3.5000","0.3479","121.5395","0.3479"
"3.6000","0.3580","122.9682","0.3580"
"3.7000","0.3680","124.3534","0.3680"
"3.8000","0.3780","125.7414","0.3780"
"3.9000","0.3880","127.1226","0.3880"
"4.0000","0.3979","128.5113","0.3979"
"4.1000","0.4080","129.9323","0.4080"
"4.2000","0.4180","131.3284","0.4180"
"4.3000","0.4280","132.7327","0.4280"
"4.4000","0.4380","134.1362","0.4380"
"4.5000","0.4479","135.5090","0.4479"
"4.6000","0.4579","136.9352","0.4579"
"4.7000","0.4680","138.3211","0.4680"
"4.8000","0.4780","139.7003","0.4780"
"4.9000","0.4880","141.0728","0.4880"
"5.0000","0.4980","142.4971","0.4980"
"5.1000","0.5079","143.8745","0.5079"
"5.2000","0.5180","145.2128","0.5180"
"5.3000","0.5280","146.6439","0.5280"
"5.4000","0.5380","147.9794","0.5380"
"5.5000","0.5480","149.3687","0.5480"
"5.6000","0.5579","150.7920","0.5579"
"5.7000","0.5679","152.1947","0.5679"
"5.8000","0.5780","153.5751","0.5780"
"5.9000","0.5880","154.9625","0.5880"
"6.0000","0.5980","156.4122","0.5980"
"6.1000","0.6079","157.8163","0.6079"
"6.2000","0.6179","159.2505","0.6179"
"6.3000","0.6280","160.6398","0.6280"
"6.4000","0.6380","162.0856","0.6380"
"6.5000","0.6480","163.4900","0.6480"
"6.6000","0.6580","164.8628","0.6580"
"6.7000","0.6679","166.2556","0.6679"
"6.8000","0.6780","167.6565","0.6780"
"6.9000","0.6880","169.0398","0.6880"
"7.0000","0.6980","170.4131","0.6980"
"7.1000","0.7080","171.8037","0.7080"
"7.2000","0.7179","173.1930","0.7179"
"7.3000","0.7279","174.5879","0.7279"
"7.4000","0.7380","176.0264","0.7380"
"7.5000","0.7480","177.3997","0.7480"
"7.6000","0.7580","178.8035","0.7580"
"7.7000","0.7680","180.2249","0.7680"
"7.8000","0.7779","181.6208","0.7779"
"7.9000","0.7880","183.0274","0.7880"
"8.0000","0.7980","184.4304","0.7980"
"8.1000","0.8080","185.8363","0.8080"
"8.2000","0.8180","187.2355","0.8180"
"8.3000","0.8279","188.6213","0.8279"
"8.4000","0.8379","190.0338","0.8379"
"8.5000","0.8480","191.4106","0.8480"
"8.6000","0.8580","192.8162","0.8580"
"8.7000","0.8680","194.1982","0.8680"
"8.8000","0.8779","195.5009","0.8779"
"8.9000","0.8879","196.8870","0.8879"
"9.0000","0.8980","198.2720","0.8980"
"9.1000","0.9080","199.6085","0.9080"
"9.2000","0.9180","200.9931","0.9180"
"9.3000","0.9280","202.3125","0.9280"
"9.4000","0.9379","203.6900","0.9379"
"9.5000","0.9480","205.0392","0.9480"
"9.6000","0.9580","206.4489","0.9580"
"9.7000","0.9680","207.7940","0.9680"
"9.8000","0.9780","209.1601","0.9780"
"9.9000","0.9879","210.5139","0.9879"
"10.0000","0.9979","211.8882","0.9979"
"10.1000","1.0080","213.2217","1.0080"
"10.2000","1.0180","214.5896","1.0180"
"10.3000","1.0280","215.9946","1.0280"
"10.4000","1.0379","217.3522","1.0379"
"10.5000","1.0479","218.7181","1.0479"
"10.6000","1.0580","220.1038","1.0580"
"10.7000","1.0680","221.4612","1.0680"
"10.8000","1.0780","222.7923","1.0780"
"10.9000","1.0880","224.1684","1.0880"
"11.0000","1.0979","225.4628","1.0979"
"11.1000","1.1079","226.8315","1.1079"
"11.2000","1.1180","228.1617","1.1180"
"11.3000","1.1280","229.5006","1.1280"
"11.4000","1.1380","230.8288","1.1380"
"11.5000","1.1479","232.1250","1.1479"
"11.6000","1.1579","233.4355","1.1579"
"11.7000","1.1680","234.7707","1.1680"
"11.8000","1.1780","236.0805","1.1780"
"11.9000","1.1880","237.3646","1.1880"
"12.0000","1.1980","238.6775","1.1980"
"12.1000","1.2079","239.9893","1.2079"
"12.2000","1.2180","241.3010","1.2180"
"12.3000","1.2280","242.6268","1.2280"
"12.4000","1.2380","243.9548","1.2380"
"12.5000","1.2480","245.2392","1.2480"
"12.6000","1.2579","246.5465","1.2579"
"12.7000","1.2679","247.8509","1.2679"
"12.8000","1.2780","249.1706","1.2780"
"12.9000","1.2880","250.4545","1.2880"
"13.0000","1.2980","251.7516","1.2980"
"13.1000","1.3079","253.0274","1.3079"
"13.2000","1.3179","254.3444","1.3179"
"13.3000","1.3280","255.6542","1.3280"
"13.4000","1.3380","256.9955","1.3380"
"13.5000","1.3480","258.3234","1.3480"
"13.6000","1.3580","259.5961","1.3580"
"13.7000","1.3679","260.8961","1.3679"
"13.8000","1.3779","262.2179","1.3779"
"13.9000","1.3880","263.5344","1.3880"
"14.0000","1.3980","264.8757","1.3980"
"14.1000","1.4080","266.1563","1.4080"
"14.2000","1.4179","267.4690","1.4179"
"14.3000","1.4279","268.7565","1.4279"
"14.4000","1.4380","270.1015","1.4380"
"14.5000","1.4480","271.3811","1.4480"
"14.6000","1.4580","272.7098","1.4580"
"14.7000","1.4680","273.9417","1.4680"
"14.8000","1.4779","275.2313","1.4779"
"14.9000","1.4879","276.5557","1.4879"
"15.0000","1.4980","277.8261","1.4980"
"15.1000","1.5080","279.1078","1.5080"
"15.2000","1.5180","280.4180","1.5180"
"15.3000","1.5279","281.7141","1.5279"
"15.4000","1.5379","282.9920","1.5379"
"15.5000","1.5480","284.2491","1.5480"
"15.6000","1.5580","285.5929","1.5580"
"15.7000","1.5680","286.9169","1.5680"
"15.8000","1.5780","288.2170","1.5780"
"15.9000","1.5879","289.5553","1.5879"
"16.0000","1.5979","290.8880","1.5979"
"16.1000","1.6080","292.2099","1.6080"
"16.2000","1.6180","293.5941","1.6180"
"16.3000","1.6280","294.9437","1.6280"
"16.4000","1.6379","296.1874","1.6379"
"16.5000","1.6479","297.5056","1.6479"
"16.6000","1.6580","298.8376","1.6580"
"16.7000","1.6680","300.1300","1.6680"
"16.8000","1.6780","301.4060","1.6780"
"16.9000","1.6879","302.7325","1.6879"
"17.0000","1.6979","304.0430","1.6979"
"17.1000","1.7080","305.4037","1.7080"
"17.2000","1.7180","306.7854","1.7180"
"17.3000","1.7280","308.1384","1.7280"
"17.4000","1.7380","309.5312","1.7380"
"17.5000","1.7479","310.8835","1.7479"
"17.6000","1.7579","312.2780","1.7579"
"17.7000","1.7680","313.6976","1.7680"
"17.8000","1.7780","315.0927","1.7780"
"17.9000","1.7880","316.5375","1.7880"
"18.0000","1.7979","317.9594","1.7979"
"18.1000","1.8079","319.3576","1.8079"
"18.2000","1.8180","320.8213","1.8180"
"18.3000","1.8280","322.2227","1.8280"
"18.4000","1.8380","323.6747","1.8380"
"18.5000","1.8479","325.0784","1.8479"
"18.6000","1.8579","326.4915","1.8579"
"18.7000","1.8680","327.9409","1.8680"
"18.8000","1.8780","329.4312","1.8780"
"18.9000","1.8880","330.8155","1.8880"
"19.0000","1.8980","332.2833","1.8980"
"19.1000","1.9079","333.7191","1.9079"
"19.2000","1.9179","335.1829","1.9179"
"19.3000","1.9280","336.6371","1.9280"
"19.4000","1.9380","338.0784","1.9380"
"19.5000","1.9480","339.5050","1.9480"
"19.6000","1.9579","340.9406","1.9579"
"19.7000","1.9679","342.3894","1.9679"
"19.8000","1.9780","343.8656","1.9780"
"19.9000","1.9880","345.3009","1.9880"
"20.0000","1.9980","346.7907","1.9980"
"20.1000","2.0080","348.2189","2.0080"
"20.2000","2.0179","349.6712","2.0179"
"20.3000","2.0280","351.1790","2.0280"
"20.4000","2.0380","352.6849","2.0380"
"20.5000","2.0480","354.1720","2.0480"
"20.6000","2.0580","355.6417","2.0580"
"20.7000","2.0679","357.1009","2.0679"
"20.8000","2.0779","358.5808","2.0779"
"20.9000","2.0880","360.0948","2.0880"
"21.0000","2.0980","361.6202","2.0980"
"21.1000","2.1080","363.1079","2.1080"
"21.2000","2.1179","364.5578","2.1179"
"21.3000","2.1279","366.1407","2.1279"
"21.4000","2.1380","367.6821","2.1380"
"21.5000","2.1480","369.1507","2.1480"
"21.6000","2.1580","370.6562","2.1580"
"21.7000","2.1680","372.1629","2.1680"
"21.8000","2.1779","373.5928","2.1779"
"21.9000","2.1879","375.0965","2.1879"
"22.0000","2.1980","376.6412","2.1980"
"22.1000","2.2080","378.1194","2.2080"
"22.2000","2.2180","379.6391","2.2180"
"22.3000","2.2279","381.1115","2.2279"
"22.4000","2.2379","382.6599","2.2379"
"22.5000","2.2480","384.1826","2.2480"
"22.6000","2.2580","385.6744","2.2580"
"22.7000","2.2680","387.2061","2.2680"
"22.8000","2.2780","388.7131","2.2780"
"22.9000","2.2879","390.2551","2.2879"
"23.0000","2.2979","391.7537","2.2979"
"23.1000","2.3080","393.2641","2.3080"
"23.2000","2.3180","394.7888","2.3180"
"23.3000","2.3280","396.2534","2.3280"
"23.4000","2.3379","397.7171","2.3379"
"23.5000","2.3479","399.2269","2.3479"
"23.6000","2.3580","400.7561","2.3580"
"23.7000","2.3680","402.2898","2.3680"
"23.8000","2.3780","403.8185","2.3780"
"23.9000","2.3879","405.3316","2.3879"
"24.0000","2.3979","406.8449","2.3979"
"24.1000","2.4079","408.3490","2.4079"
"24.2000","2.4180","409.9001","2.4180"
"24.3000","2.4280","411.4442","2.4280"
"24.4000","2.4380","412.9487","2.4380"
"24.5000","2.4479","414.4383","2.4479"
"24.6000","2.4579","415.9809","2.4579"
"24.7000","2.4680","417.4557","2.4680"
"24.8000","2.4780","418.9601","2.4780"
"24.9000","2.4880","420.4798","2.4880"
"25.0000","2.4979","421.9396","2.4979"
"25.1000","2.5079","423.4499","2.5079"
"25.2000","2.5180","424.9839","2.5180"
"25.3000","2.5280","426.4794","2.5280"
"25.4000","2.5380","427.9500","2.5380"
"25.5000","2.5480","429.4256","2.5480"
"25.6000","2.5579","430.9412","2.5579"
"25.7000","2.5680","432.4572","2.5680"
"25.8000","2.5780","433.9941","2.5780"
"25.9000","2.5880","435.4958","2.5880"
"26.0000","2.5980","437.0090","2.5980"
"26.1000","2.6079","438.5376","2.6079"
"26.2000","2.6179","440.0441","2.6179"
"26.3000","2.6280","441.5557","2.6280"
"26.4000","2.6380","443.1184","2.6380"
"26.5000","2.6480","444.5815","2.6480"
"26.6000","2.6580","446.0756","2.6580"
"26.7000","2.6679","447.5950","2.6679"
"26.8000","2.6780","449.1663","2.6780"
"26.9000","2.6880","450.6420","2.6880"
"27.0000","2.6980","452.1406","2.6980"
"27.1000","2.7080","453.5909","2.7080"
"27.2000","2.7179","455.0799","2.7179"
"27.3000","2.7280","456.6163","2.7280"
"27.4000","2.7380","458.1247","2.7380"
"27.5000","2.7480","459.6052","2.7480"
"27.6000","2.7580","461.1368","2.7580"
"27.7000","2.7679","462.6297","2.7679"
"27.8000","2.7779","464.1179","2.7779"
"27.9000","2.7880","465.6127","2.7880"
"28.0000","2.7980","467.1038","2.7980"
"28.1000","2.8080","468.6204","2.8080"
"28.2000","2.8180","470.1508","2.8180"
"28.3000","2.8279","471.6637","2.8279"
"28.4000","2.8380","473.2332","2.8380"
"28.5000","2.8480","474.7902","2.8480"
"28.6000","2.8580","476.2598","2.8580"
"28.7000","2.8680","477.7598","2.8680"
"28.8000","2.8779","479.2543","2.8779"
"28.9000","2.8879","480.7700","2.8879"
"29.0000","2.8980","482.2864","2.8980"
"29.1000","2.9080","483.7799","2.9080"
"29.2000","2.9180","485.2863","2.9180"
"29.3000","2.9279","486.7847","2.9279"
"29.4000","2.9379","488.3123","2.9379"
"29.5000","2.9480","489.8241","2.9480"
"29.6000","2.9580","491.3831","2.9580"
"29.7000","2.9680","492.8569","2.9680"
"29.8000","2.9780","494.3346","2.9780"
"29.9000","2.9879","495.8467","2.9879"
"30.0000","2.9979","497.3760","2.9979"
"30.1000","3.0080","498.9051","3.0080"
"30.2000","3.0180","500.4403","3.0180"
"30.3000","3.0280","501.9565","3.0280"
"30.4000","3.0379","503.4302","3.0379"
"30.5000","3.0479","504.9731","3.0479"
"30.6000","3.0580","506.5003","3.0580"
"30.7000","3.0680","507.9347","3.0680"
"30.8000","3.0780","509.4474","3.0780"
"30.9000","3.0879","510.9479","3.0879"
"31.0000","3.0979","512.4167","3.0979"
"31.1000","3.1079","513.9414","3.1079"
"31.2000","3.1180","515.4261","3.1180"
"31.3000","3.1280","516.9297","3.1280"
"31.4000","3.1380","518.4505","3.1380"
"31.5000","3.1479","519.9332","3.1479"
"31.6000","3.1579","521.4714","3.1579"
"31.7000","3.1680","522.9561","3.1680"
"31.8000","3.1780","524.4722","3.1780"
"31.9000","3.1880","525.9534","3.1880"
"32.0000","3.1980","527.4199","3.1980"
"32.1000","3.2079","528.8420","3.2079"
"32.2000","3.2180","530.3916","3.2180"
"32.3000","3.2280","531.8869","3.2280"
"32.4000","3.2380","533.3964","3.2380"
"32.5000","3.2480","534.8755","3.2480"
"32.6000","3.2579","536.3658","3.2579"
"32.7000","3.2680","537.9070","3.2680"
"32.8000","3.2780","539.4279","3.2780"
"32.9000","3.2880","540.9087","3.2880"
"33.0000","3.2980","542.4506","3.2980"
"33.1000","3.3079","543.8922","3.3079"
"33.2000","3.3179","545.3385","3.3179"
"33.3000","3.3280","546.8338","3.3280"
"33.4000","3.3380","548.3333","3.3380"
"33.5000","3.3480","549.8036","3.3480"
"33.6000","3.3580","551.3445","3.3580"
"33.7000","3.3679","552.8525","3.3679"
"33.8000","3.3780","554.3791","3.3780"
"33.9000","3.3880","555.9072","3.3880"
"34.0000","3.3980","557.3963","3.3980"
"34.1000","3.4080","558.8613","3.4080"
"34.2000","3.4179","560.3513","3.4179"
"34.3000","3.4279","561.8589","3.4279"
"34.4000","3.4380","563.4617","3.4380"
"34.5000","3.4480","564.9689","3.4480"
"34.6000","3.4580","566.4333","3.4580"
"34.7000","3.4679","567.9539","3.4679"
"34.8000","3.4779","569.4332","3.4779"
"34.9000","3.4880","570.9908","3.4880"
"35.0000","3.4980","572.4618","3.4980"
"35.1000","3.5080","573.9894","3.5080"
"35.2000","3.5179","575.4794","3.5179"
"35.3000","3.5279","576.9413","3.5279"
"35.4000","3.5379","578.4700","3.5379"
"35.5000","3.5480","579.9780","3.5480"
"35.6000","3.5580","581.4851","3.5580"
"35.7000","3.5680","582.9877","3.5680"
"35.8000","3.5779","584.4484","3.5779"
"35.9000","3.5879","585.9564","3.5879"
"36.0000","3.5980","587.4519","3.5980"
"36.1000","3.6080","588.8965","3.6080"
"36.2000","3.6180","590.4234","3.6180"
"36.3000","3.6280","591.9140","3.6280"
"36.4000","3.6379","593.3826","3.6379"
"36.5000","3.6480","594.8959","3.6480"
"36.6000","3.6580","596.3785","3.6580"
"36.7000","3.6680","597.8782","3.6680"
"36.8000","3.6780","599.4116","3.6780"
"36.9000","3.6879","600.9031","3.6879"
"37.0000","3.6979","602.4587","3.6979"
"37.1000","3.7080","603.9312","3.7080"
"37.2000","3.7180","605.4269","3.7180"
"37.3000","3.7280","606.9010","3.7280"
"37.4000","3.7379","608.3876","3.7379"
"37.5000","3.7479","609.8445","3.7479"
"37.6000","3.7580","611.3633","3.7580"
"37.7000","3.7680","612.8292","3.7680"
"37.8000","3.7780","614.3101","3.7780"
"37.9000","3.7880","615.8407","3.7880"
"38.0000","3.7979","617.3054","3.7979"
"38.1000","3.8079","618.8243","3.8079"
"38.2000","3.8180","620.3076","3.8180"
"38.3000","3.8280","621.7415","3.8280"
"38.4000","3.8380","623.2060","3.8380"
"38.5000","3.8479","624.6244","3.8479"
"38.6000","3.8579","626.1024","3.8579"
"38.7000","3.8680","627.6207","3.8680"
"38.8000","3.8780","629.1343","3.8780"
"38.9000","3.8880","630.5918","3.8880"
"39.0000","3.8980","632.0668","3.8980"
"39.1000","3.9079","633.5298","3.9079"
"39.2000","3.9180","634.9846","3.9180"
"39.3000","3.9280","636.5009","3.9280"
"39.4000","3.9380","637.9890","3.9380"
"39.5000","3.9480","639.4755","3.9480"
"39.6000","3.9579","640.9543","3.9579"
"39.7000","3.9679","642.4363","3.9679"
"39.8000","3.9780","643.9233","3.9780"
"39.9000","3.9880","645.3972","3.9880"
"40.0000","3.9980","646.8726","3.9980"
"40.1000","4.0079","648.3347","4.0079"
"40.2000","4.0179","649.7645","4.0179"
"40.3000","4.0280","651.2731","4.0280"
"40.4000","4.0380","652.7738","4.0380"
"40.5000","4.0480","654.2394","4.0480"
"40.6000","4.0580","655.7136","4.0580"
"40.7000","4.0679","657.1140","4.0679"
"40.8000","4.0780","658.6452","4.0780"
"40.9000","4.0880","660.1274","4.0880"
"41.0000","4.0980","661.6076","4.0980"
"41.1000","4.1080","663.0972","4.1080"
"41.2000","4.1179","664.5799","4.1179"
"41.3000","4.1279","666.0515","4.1279"
"41.4000","4.1380","667.5690","4.1380"
"41.5000","4.1480","669.0430","4.1480"
"41.6000","4.1580","670.5755","4.1580"
"41.7000","4.1680","672.0706","4.1680"
"41.8000","4.1779","673.5263","4.1779"
"41.9000","4.1880","675.0352","4.1880"
"42.0000","4.1980","676.5350","4.1980"
"42.1000","4.2080","677.9571","4.2080"
"42.2000","4.2180","679.4587","4.2180"
"42.3000","4.2279","680.8751","4.2279"
"42.4000","4.2379","682.3500","4.2379"
"42.5000","4.2480","683.8514","4.2480"
"42.6000","4.2580","685.2854","4.2580"
"42.7000","4.2680","686.7559","4.2680"
"42.8000","4.2780","688.2211","4.2780"
"42.9000","4.2879","689.6575","4.2879"
"43.0000","4.2980","691.1944","4.2980"
"43.1000","4.3080","692.6497","4.3080"
"43.2000","4.3180","694.1411","4.3180"
"43.3000","4.3280","695.5894","4.3280"
"43.4000","4.3379","697.0401","4.3379"
"43.5000","4.3480","698.4944","4.3480"
"43.6000","4.3580","700.0034","4.3580"
"43.7000","4.3680","701.4892","4.3680"
"43.8000","4.3780","702.9429","4.3780"
"43.9000","4.3879","704.3490","4.3879"
"44.0000","4.3979","705.8341","4.3979"
"44.1000","4.4080","707.3228","4.4080"
"44.2000","4.4180","708.7722","4.4180"
"44.3000","4.4280","710.1888","4.4280"
"44.4000","4.4380","711.6369","4.4380"
"44.5000","4.4479","713.0715","4.4479"
"44.6000","4.4580","714.5692","4.4580"
"44.7000","4.4680","716.0243","4.4680"
"44.8000","4.4780","717.5121","4.4780"
"44.9000","4.4880","718.9564","4.4880"
"45.0000","4.4979","720.4286","4.4979"
"45.1000","4.5079","721.8992","4.5079"
"45.2000","4.5180","723.3871","4.5180"
"45.3000","4.5280","724.8502","4.5280"
"45.4000","4.5380","726.3116","4.5380"
"45.5000","4.5480","727.8158","4.5480"
"45.6000","4.5579","729.2634","4.5579"
"45.7000","4.5680","730.7282","4.5680"
"45.8000","4.5780","732.2220","4.5780"
"45.9000","4.5880","733.7253","4.5880"
"46.0000","4.5980","735.1911","4.5980"
"46.1000","4.6079","736.6494","4.6079"
"46.2000","4.6180","738.1615","4.6180"
"46.3000","4.6280","739.6718","4.6280"
"46.4000","4.6380","741.1287","4.6380"
"46.5000","4.6480","742.5892","4.6480"
"46.6000","4.6579","744.0775","4.6579"
"46.7000","4.6679","745.4890","4.6679"
"46.8000","4.6780","747.0032","4.6780"
"46.9000","4.6880","748.4855","4.6880"
"47.0000","4.6980","750.0176","4.6980"
"47.1000","4.7079","751.4908","4.7079"
"47.2000","4.7179","752.8995","4.7179"
"47.3000","4.7280","754.3683","4.7280"
"47.4000","4.7380","755.8756","4.7380"
"47.5000","4.7480","757.3270","4.7480"
"47.6000","4.7580","758.7893","4.7580"
"47.7000","4.7679","760.2102","4.7679"
"47.8000","4.7779","761.6475","4.7779"
"47.9000","4.7880","763.1586","4.7880"
"48.0000","4.7980","764.5802","4.7980"
"48.1000","4.8080","766.0264","4.8080"
"48.2000","4.8179","767.4542","4.8179"
"48.3000","4.8279","768.9110","4.8279"
"48.4000","4.8380","770.4047","4.8380"
"48.5000","4.8480","771.8463","4.8480"
"48.6000","4.8580","773.2841","4.8580"
"48.7000","4.8680","774.7766","4.8680"
"48.8000","4.8779","776.1949","4.8779"
"48.9000","4.8880","777.6676","4.8880"
"49.0000","4.8980","779.1133","4.8980"
"49.1000","4.9080","780.5657","4.9080"
"49.2000","4.9180","782.0338","4.9180"
"49.3000","4.9279","783.4375","4.9279"
"49.4000","4.9379","784.9326","4.9379"
"49.5000","4.9480","786.4310","4.9480"
"49.6000","4.9580","787.9219","4.9580"
"49.7000","4.9680","789.4040","4.9680"
"49.8000","4.9780","790.8466","4.9780"
"49.9000","4.9879","792.3008","4.9879"
"50.0000","4.9980","793.8239","4.9980"
"50.1000","5.0080","795.2790","5.0080"
"50.2000","5.0180","796.7285","5.0180"
"50.3000","5.0280","798.2005","5.0280"
"50.4000","5.0379","799.6238","5.0379"
"50.5000","5.0480","801.1243","5.0480"
"50.6000","5.0580","802.5916","5.0580"
"50.7000","5.0680","804.0054","5.0680"
"50.8000","5.0780","805.4551","5.0780"
"50.9000","5.0879","806.8878","5.0879"
"51.0000","5.0979","808.3271","5.0979"
"51.1000","5.1080","809.8096","5.1080"
"51.2000","5.1180","811.2405","5.1180"
"51.3000","5.1280","812.7028","5.1280"
"51.4000","5.1380","814.1831","5.1380"
"51.5000","5.1479","815.6312","5.1479"
"51.6000","5.1580","817.1411","5.1580"
"51.7000","5.1680","818.6177","5.1680"
"51.8000","5.1780","820.0844","5.1780"
"51.9000","5.1880","821.5075","5.1880"
"52.0000","5.1979","822.9467","5.1979"
"52.1000","5.2079","824.3749","5.2079"
"52.2000","5.2180","825.8525","5.2180"
"52.3000","5.2280","827.3036","5.2280"
"52.4000","5.2380","828.7668","5.2380"
"52.5000","5.2480","830.2101","5.2480"
"52.6000","5.2579","831.6188","5.2579"
"52.7000","5.2680","833.0848","5.2680"
"52.8000","5.2780","834.5500","5.2780"
"52.9000","5.2880","836.0220","5.2880"
"53.0000","5.2980","837.4924","5.2980"
"53.1000","5.3079","838.8637","5.3079"
"53.2000","5.3180","840.3575","5.3180"
"53.3000","5.3280","841.8124","5.3280"
"53.4000","5.3380","843.2129","5.3380"
"53.5000","5.3480","844.6266","5.3480"
"53.6000","5.3579","846.0576","5.3579"
"53.7000","5.3679","847.4824","5.3679"
"53.8000","5.3780","848.9512","5.3780"
"53.9000","5.3880","850.3348","5.3880"
"54.0000","5.3980","851.8506","5.3980"
"54.1000","5.4080","853.2601","5.4080"
"54.2000","5.4179","854.7418","5.4179"
"54.3000","5.4280","856.1223","5.4280"
"54.4000","5.4380","857.5795","5.4380"
"54.5000","5.4480","859.0154","5.4480"
"54.6000","5.4580","860.5070","5.4580"
"54.7000","5.4679","861.9092","5.4679"
"54.8000","5.4779","863.3930","5.4779"
"54.9000","5.4880","864.8574","5.4880"
"55.0000","5.4980","866.2712","5.4980"
"55.1000","5.5080","867.6830","5.5080"
"55.2000","5.5179","869.1318","5.5179"
"55.3000","5.5279","870.5312","5.5279"
"55.4000","5.5380","872.0328","5.5380"
"55.5000","5.5480","873.4900","5.5480"
"55.6000","5.5580","874.9800","5.5580"
"55.7000","5.5680","876.4573","5.5680"
"55.8000","5.5779","877.9025","5.5779"
"55.9000","5.5879","879.3696","5.5879"
"56.0000","5.5980","880.8619","5.5980"
"56.1000","5.6080","882.3223","5.6080"
"56.2000","5.6180","883.8160","5.6180"
"56.3000","5.6279","885.2244","5.6279"
"56.4000","5.6379","886.6286","5.6379"
"56.5000","5.6480","888.1060","5.6480"
"56.6000","5.6580","889.5856","5.6580"
"56.7000","5.6680","891.0147","5.6680"
"56.8000","5.6780","892.4805","5.6780"
"56.9000","5.6879","893.8529","5.6879"
"57.0000","5.6980","895.3176","5.6980"
"57.1000","5.7080","896.7665","5.7080"
"57.2000","5.7180","898.2449","5.7180"
"57.3000","5.7280","899.7027","5.7280"
"57.4000","5.7379","901.1062","5.7379"
"57.5000","5.7479","902.5625","5.7479"
"57.6000","5.7580","904.0049","5.7580"
"57.7000","5.7680","905.4296","5.7680"
"57.8000","5.7780","906.8325","5.7780"
"57.9000","5.7879","908.2764","5.7879"
"58.0000","5.7979","909.7134","5.7979"
"58.1000","5.8080","911.2085","5.8080"
"58.2000","5.8180","912.6622","5.8180"
"58.3000","5.8280","914.0693","5.8280"
"58.4000","5.8380","915.5469","5.8380"
"58.5000","5.8479","916.9576","5.8479"
"58.6000","5.8579","918.4664","5.8579"
"58.7000","5.8680","919.9403","5.8680"
"58.8000","5.8780","921.3320","5.8780"
"58.9000","5.8880","922.8324","5.8880"
"59.0000","5.8979","924.2542","5.8979"
"59.1000","5.9079","925.6967","5.9079"
"59.2000","5.9180","927.1899","5.9180"
"59.3000","5.9280","928.6748","5.9280"
"59.4000","5.9380","930.1217","5.9380"
"59.5000","5.9480","931.5321","5.9480"
"59.6000","5.9579","932.9894","5.9579"
"59.7000","5.9680","934.4796","5.9680"
"59.8000","5.9780","935.9547","5.9780"
"59.9000","5.9880","937.3893","5.9880"
"60.0000","5.9980","938.8323","5.9980"
"60.1000","6.0079","940.2381","6.0079"
"60.2000","6.0179","941.6810","6.0179"
"60.3000","6.0280","943.1213","6.0280"
"60.4000","6.0380","944.5498","6.0380"
"60.5000","6.0480","945.9919","6.0480"
"60.6000","6.0579","947.4676","6.0579"
"60.7000","6.0679","948.8685","6.0679"
"60.8000","6.0780","950.3511","6.0780"
"60.9000","6.0880","951.7639","6.0880"
"61.0000","6.0980","953.1836","6.0980"
"61.1000","6.1080","954.6092","6.1080"
"61.2000","6.1179","956.0481","6.1179"
"61.3000","6.1279","957.5095","6.1279"
"61.4000","6.1380","959.0046","6.1380"
"61.5000","6.1480","960.4667","6.1480"
"61.6000","6.1580","961.9431","6.1580"
"61.7000","6.1679","963.3696","6.1679"
"61.8000","6.1779","964.8209","6.1779"
"61.9000","6.1880","966.2835","6.1880"
"62.0000","6.1980","967.7522","6.1980"
"62.1000","6.2080","969.1835","6.2080"
"62.2000","6.2180","970.5966","6.2180"
"62.3000","6.2279","971.9742","6.2279"
"62.4000","6.2379","973.3879","6.2379"
"62.5000","6.2480","974.8281","6.2480"
"62.6000","6.2580","976.2927","6.2580"
"62.7000","6.2680","977.7573","6.2680"
"62.8000","6.2779","979.1461","6.2779"
"62.9000","6.2879","980.6035","6.2879"
"63.0000","6.2980","982.1175","6.2980"
"63.1000","6.3080","983.5347","6.3080"
"63.2000","6.3180","984.9713","6.3180"
"63.3000","6.3279","986.3839","6.3279"
"63.4000","6.3379","987.7875","6.3379"
"63.5000","6.3480","989.2630","6.3480"
"63.6000","6.3580","990.6827","6.3580"
"63.7000","6.3680","992.0847","6.3680"
"63.8000","6.3779","993.5198","6.3779"
"63.9000","6.3879","994.9081","6.3879"
"64.0000","6.3979","996.4340","6.3979"
"64.1000","6.4080","997.8872","6.4080"
"64.2000","6.4180","999.3348","6.4180"
"64.3000","6.4280","1000.7684","6.4280"
"64.4000","6.4379","1002.2302","6.4379"
"64.5000","6.4479","1003.5876","6.4479"
"64.6000","6.4580","1005.0322","6.4580"
"64.7000","6.4680","1006.4511","6.4680"
"64.8000","6.4780","1007.8852","6.4780"
"64.9000","6.4879","1009.2772","6.4879"
"65.0000","6.4979","1010.7344","6.4979"
"65.1000","6.5079","1012.1108","6.5079"
"65.2000","6.5180","1013.5601","6.5180"
"65.3000","6.5280","1014.9832","6.5280"
"65.4000","6.5380","1016.4401","6.5380"
"65.5000","6.5479","1017.8365","6.5479"
"65.6000","6.5579","1019.2502","6.5579"
"65.7000","6.5680","1020.7093","6.5680"
"65.8000","6.5780","1022.1407","6.5780"
"65.9000","6.5880","1023.5508","6.5880"
"66.0000","6.5979","1024.9651","6.5979"
"66.1000","6.6079","1026.3931","6.6079"
"66.2000","6.6180","1027.8724","6.6180"
"66.3000","6.6280","1029.3517","6.6280"
"66.4000","6.6380","1030.8019","6.6380"
"66.5000","6.6480","1032.1995","6.6480"
"66.6000","6.6579","1033.6763","6.6579"
"66.7000","6.6679","1035.1096","6.6679"
"66.8000","6.6780","1036.5939","6.6780"
"66.9000","6.6880","1038.0531","6.6880"
"67.0000","6.6980","1039.5537","6.6980"
"67.1000","6.7079","1040.9542","6.7079"
"67.2000","6.7179","1042.3307","6.7179"
"67.3000","6.7280","1043.7866","6.7280"
"67.4000","6.7380","1045.2214","6.7380"
"67.5000","6.7480","1046.5688","6.7480"
"67.6000","6.7580","1047.9858","6.7580"
"67.7000","6.7679","1049.3639","6.7679"
"67.8000","6.7780","1050.8254","6.7780"
"67.9000","6.7880","1052.2467","6.7880"
"68.0000","6.7980","1053.7213","6.7980"
"68.1000","6.8080","1055.1265","6.8080"
"68.2000","6.8179","1056.5403","6.8179"
"68.3000","6.8279","1058.0067","6.8279"
"68.4000","6.8380","1059.4805","6.8380"
"68.5000","6.8480","1060.8724","6.8480"
"68.6000","6.8580","1062.2968","6.8580"
"68.7000","6.8679","1063.7069","6.8679"
"68.8000","6.8779","1065.1946","6.8779"
"68.9000","6.8880","1066.5746","6.8880"
"69.0000","6.8980","1067.9807","6.8980"
"69.1000","6.9080","1069.4091","6.9080"
"69.2000","6.9180","1070.8077","6.9180"
"69.3000","6.9279","1072.2126","6.9279"
"69.4000","6.9379","1073.6642","6.9379"
"69.5000","6.9480","1075.0790","6.9480"
"69.6000","6.9580","1076.5708","6.9580"
"69.7000","6.9680","1077.9501","6.9680"
"69.8000","6.9779","1079.3192","6.9779"
"69.9000","6.9879","1080.7090","6.9879"
"70.0000","6.9980","1082.1672","6.9980"
"70.1000","7.0080","1083.6044","7.0080"
"70.2000","7.0180","1085.0800","7.0180"
"70.3000","7.0280","1086.5215","7.0280"
"70.4000","7.0379","1087.9139","7.0379"
"70.5000","7.0479","1089.4041","7.0479"
"70.6000","7.0580","1090.8833","7.0580"
"70.7000","7.0680","1092.3146","7.0680"
"70.8000","7.0780","1093.7819","7.0780"
"70.9000","7.0879","1095.1543","7.0879"
"71.0000","7.0979","1096.5663","7.0979"
"71.1000","7.1080","1098.0502","7.1080"
"71.2000","7.1180","1099.4703","7.1180"
"71.3000","7.1280","1100.9008","7.1280"
"71.4000","7.1379","1102.3386","7.1379"
"71.5000","7.1479","1103.6987","7.1479"
"71.6000","7.1580","1105.1969","7.1580"
"71.7000","7.1680","1106.6168","7.1680"
"71.8000","7.1780","1108.0304","7.1780"
"71.9000","7.1880","1109.4418","7.1880"
"72.0000","7.1979","1110.8762","7.1979"
"72.1000","7.2079","1112.2856","7.2079"
"72.2000","7.2180","1113.7471","7.2180"
"72.3000","7.2280","1115.1705","7.2280"
"72.4000","7.2380","1116.6370","7.2380"
"72.5000","7.2479","1118.0195","7.2479"
"72.6000","7.2579","1119.4900","7.2579"
"72.7000","7.2680","1120.9104","7.2680"
"72.8000","7.2780","1122.3370","7.2780"
"72.9000","7.2880","1123.7927","7.2880"
"73.0000","7.2980","1125.1675","7.2980"
"73.1000","7.3079","1126.5721","7.3079"
"73.2000","7.3180","1128.0594","7.3180"
"73.3000","7.3280","1129.4387","7.3280"
"73.4000","7.3380","1130.8533","7.3380"
"73.5000","7.3480","1132.2405","7.3480"
"73.6000","7.3579","1133.6638","7.3579"
"73.7000","7.3679","1135.1212","7.3679"
"73.8000","7.3780","1136.5558","7.3780"
"73.9000","7.3880","1137.9908","7.3880"
"74.0000","7.3980","1139.4196","7.3980"
"74.1000","7.4079","1140.7944","7.4079"
"74.2000","7.4179","1142.2236","7.4179"
"74.3000","7.4280","1143.6903","7.4280"
"74.4000","7.4380","1145.1409","7.4380"
"74.5000","7.4480","1146.5356","7.4480"
"74.6000","7.4580","1147.9745","7.4580"
"74.7000","7.4679","1149.3881","7.4679"
"74.8000","7.4780","1150.8540","7.4780"
"74.9000","7.4880","1152.2675","7.4880"
"75.0000","7.4980","1153.7241","7.4980"
"75.1000","7.5080","1155.1334","7.5080"
"75.2000","7.5179","1156.4972","7.5179"
"75.3000","7.5279","1157.9802","7.5279"
"75.4000","7.5380","1159.4800","7.5380"
"75.5000","7.5480","1160.8904","7.5480"
"75.6000","7.5580","1162.3060","7.5580"
"75.7000","7.5679","1163.7114","7.5679"
"75.8000","7.5779","1165.0989","7.5779"
"75.9000","7.5879","1166.5731","7.5879"
"76.0000","7.5980","1167.9622","7.5980"
"76.1000","7.6080","1169.3665","7.6080"
"76.2000","7.6180","1170.8149","7.6180"
"76.3000","7.6279","1172.1682","7.6279"
"76.4000","7.6379","1173.5981","7.6379"
"76.5000","7.6480","1175.0215","7.6480"
"76.6000","7.6580","1176.4967","7.6580"
"76.7000","7.6680","1177.8602","7.6680"
"76.8000","7.6779","1179.2563","7.6779"
"76.9000","7.6879","1180.7017","7.6879"
"77.0000","7.6980","1182.1835","7.6980"
"77.1000","7.7080","1183.5901","7.7080"
"77.2000","7.7180","1185.0413","7.7180"
"77.3000","7.7280","1186.4417","7.7280"
"77.4000","7.7379","1187.9076","7.7379"
"77.5000","7.7480","1189.3107","7.7480"
"77.6000","7.7580","1190.7498","7.7580"
"77.7000","7.7680","1192.1663","7.7680"
"77.8000","7.7780","1193.5930","7.7780"
"77.9000","7.7879","1194.9688","7.7879"
"78.0000","7.7979","1196.4138","7.7979"
"78.1000","7.8080","1197.8508","7.8080"
"78.2000","7.8180","1199.2665","7.8180"
"78.3000","7.8280","1200.6583","7.8280"
"78.4000","7.8379","1202.0841","7.8379"
"78.5000","7.8479","1203.4596","7.8479"
"78.6000","7.8580","1204.9465","7.8580"
"78.7000","7.8680","1206.3682","7.8680"
"78.8000","7.8780","1207.7906","7.8780"
"78.9000","7.8880","1209.1936","7.8880"
"79.0000","7.8979","1210.6056","7.8979"
"79.1000","7.9079","1212.0386","7.9079"
"79.2000","7.9180","1213.4911","7.9180"
"79.3000","7.9280","1214.8599","7.9280"
"79.4000","7.9380","1216.2627","7.9380"
"79.5000","7.9479","1217.6161","7.9479"
"79.6000","7.9579","1219.0248","7.9579"
"79.7000","7.9680","1220.4740","7.9680"
"79.8000","7.9780","1221.8521","7.9780"
"79.9000","7.9880","1223.2451","7.9880"
"80.0000","7.9980","1224.7234","7.9980"
"80.1000","8.0079","1226.1598","8.0079"
"80.2000","8.0180","1227.5869","8.0180"
"80.3000","8.0280","1229.0052","8.0280"
"80.4000","8.0380","1230.4510","8.0380"
"80.5000","8.0480","1231.8732","8.0480"
"80.6000","8.0579","1233.2242","8.0579"
"80.7000","8.0679","1234.6764","8.0679"
"80.8000","8.0780","1236.1279","8.0780"
"80.9000","8.0880","1237.5217","8.0880"
"81.0000","8.0980","1238.9249","8.0980"
"81.1000","8.1080","1240.2616","8.1080"
"81.2000","8.1179","1241.6700","8.1179"
"81.3000","8.1280","1243.0674","8.1280"
"81.4000","8.1380","1244.5006","8.1380"
"81.5000","8.1480","1245.8873","8.1480"
"81.6000","8.1580","1247.2966","8.1580"
"81.7000","8.1679","1248.6910","8.1679"
"81.8000","8.1779","1250.1470","8.1779"
"81.9000","8.1880","1251.5908","8.1880"
"82.0000","8.1980","1253.0138","8.1980"
"82.1000","8.2080","1254.4371","8.2080"
"82.2000","8.2180","1255.7910","8.2180"
"82.3000","8.2279","1257.2360","8.2279"
"82.4000","8.2380","1258.7209","8.2380"
"82.5000","8.2480","1260.1624","8.2480"
"82.6000","8.2580","1261.5647","8.2580"
"82.7000","8.2680","1262.9310","8.2680"
"82.8000","8.2779","1264.3334","8.2779"
"82.9000","8.2880","1265.7577","8.2880"
"83.0000","8.2980","1267.1840","8.2980"
"83.1000","8.3080","1268.5437","8.3080"
"83.2000","8.3180","1269.9200","8.3180"
"83.3000","8.3279","1271.2679","8.3279"
"83.4000","8.3379","1272.7311","8.3379"
"83.5000","8.3480","1274.1570","8.3480"
"83.6000","8.3580","1275.6278","8.3580"
"83.7000","8.3680","1277.0605","8.3680"
"83.8000","8.3780","1278.4697","8.3780"
"83.9000","8.3879","1279.8735","8.3879"
"84.0000","8.3980","1281.3160","8.3980"
"84.1000","8.4080","1282.7158","8.4080"
"84.2000","8.4180","1284.1194","8.4180"
"84.3000","8.4280","1285.5498","8.4280"
"84.4000","8.4379","1286.9180","8.4379"
"84.5000","8.4480","1288.3413","8.4480"
"84.6000","8.4580","1289.8101","8.4580"
"84.7000","8.4680","1291.1816","8.4680"
"84.8000","8.4780","1292.6035","8.4780"
"84.9000","8.4879","1293.9698","8.4879"
"85.0000","8.4979","1295.3712","8.4979"
"85.1000","8.5080","1296.7568","8.5080"
"85.2000","8.5180","1298.2081","8.5180"
"85.3000","8.5280","1299.5696","8.5280"
"85.4000","8.5380","1301.0002","8.5380"
"85.5000","8.5479","1302.3196","8.5479"
"85.6000","8.5580","1303.7629","8.5580"
"85.7000","8.5680","1305.2073","8.5680"
"85.8000","8.5780","1306.6255","8.5780"
"85.9000","8.5880","1308.0869","8.5880"
"86.0000","8.5979","1309.5269","8.5979"
"86.1000","8.6079","1310.9240","8.6079"
"86.2000","8.6180","1312.3657","8.6180"
"86.3000","8.6280","1313.8108","8.6280"
"86.4000","8.6380","1315.2928","8.6380"
"86.5000","8.6479","1316.6766","8.6479"
"86.6000","8.6579","1318.0427","8.6579"
"86.7000","8.6679","1319.4617","8.6679"
"86.8000","8.6780","1320.9156","8.6780"
"86.9000","8.6880","1322.3207","8.6880"
"87.0000","8.6979","1323.6829","8.6979"
"87.1000","8.7079","1325.0044","8.7079"
"87.2000","8.7179","1326.4771","8.7179"
"87.3000","8.7280","1327.9030","8.7280"
"87.4000","8.7380","1329.2850","8.7380"
"87.5000","8.7480","1330.6827","8.7480"
"87.6000","8.7579","1332.0554","8.7579"
"87.7000","8.7679","1333.4611","8.7679"
"87.8000","8.7780","1334.9001","8.7780"
"87.9000","8.7880","1336.3164","8.7880"
"88.0000","8.7980","1337.7504","8.7980"
"88.1000","8.8080","1339.1558","8.8080"
"88.2000","8.8179","1340.5679","8.8179"
"88.3000","8.8279","1341.9897","8.8279"
"88.4000","8.8380","1343.4148","8.8380"
"88.5000","8.8480","1344.8038","8.8480"
"88.6000","8.8580","1346.2635","8.8580"
"88.7000","8.8679","1347.6058","8.8679"
"88.8000","8.8779","1348.9998","8.8779"
"88.9000","8.8880","1350.3887","8.8880"
"89.0000","8.8980","1351.8153","8.8980"
"89.1000","8.9080","1353.1925","8.9080"
"89.2000","8.9179","1354.5654","8.9179"
"89.3000","8.9279","1355.9354","8.9279"
"89.4000","8.9380","1357.3778","8.9380"
"89.5000","8.9480","1358.7717","8.9480"
"89.6000","8.9580","1360.1772","8.9580"
"89.7000","8.9680","1361.6122","8.9680"
"89.8000","8.9779","1362.9545","8.9779"
"89.9000","8.9879","1364.3856","8.9879"
"90.0000","8.9980","1365.7683","8.9980"
"90.1000","9.0080","1367.2079","9.0080"
"90.2000","9.0180","1368.6039","9.0180"
"90.3000","9.0279","1369.9766","9.0279"
"90.4000","9.0379","1371.3958","9.0379"
"90.5000","9.0480","1372.8193","9.0480"
"90.6000","9.0580","1374.2140","9.0580"
"90.7000","9.0680","1375.5963","9.0680"
"90.8000","9.0780","1377.0247","9.0780"
"90.9000","9.0879","1378.3510","9.0879"
"91.0000","9.0980","1379.8275","9.0980"
"91.1000","9.1080","1381.2109","9.1080"
"91.2000","9.1180","1382.6178","9.1180"
"91.3000","9.1280","1384.0168","9.1280"
"91.4000","9.1379","1385.4017","9.1379"
"91.5000","9.1479","1386.7755","9.1479"
"91.6000","9.1580","1388.2321","9.1580"
"91.7000","9.1680","1389.5822","9.1680"
"91.8000","9.1780","1391.0179","9.1780"
"91.9000","9.1879","1392.4088","9.1879"
"92.0000","9.1979","1393.7974","9.1979"
"92.1000","9.2080","1395.1804","9.2080"
"92.2000","9.2180","1396.5585","9.2180"
"92.3000","9.2280","1397.9747","9.2280"
"92.4000","9.2380","1399.3435","9.2380"
"92.5000","9.2479","1400.7013","9.2479"
"92.6000","9.2579","1402.1180","9.2579"
"92.7000","9.2680","1403.5175","9.2680"
"92.8000","9.2780","1404.9415","9.2780"
"92.9000","9.2880","1406.3040","9.2880"
"93.0000","9.2979","1407.6558","9.2979"
"93.1000","9.3079","1409.0052","9.3079"
"93.2000","9.3180","1410.4001","9.3180"
"93.3000","9.3280","1411.7883","9.3280"
"93.4000","9.3380","1413.1610","9.3380"
"93.5000","9.3480","1414.5455","9.3480"
"93.6000","9.3579","1415.9298","9.3579"
"93.7000","9.3679","1417.3047","9.3679"
"93.8000","9.3780","1418.7784","9.3780"
"93.9000","9.3880","1420.1622","9.3880"
"94.0000","9.3980","1421.5785","9.3980"
"94.1000","9.4079","1422.9178","9.4079"
"94.2000","9.4179","1424.3527","9.4179"
"94.3000","9.4280","1425.7252","9.4280"
"94.4000","9.4380","1427.1396","9.4380"
"94.5000","9.4480","1428.5001","9.4480"
"94.6000","9.4579","1429.8695","9.4579"
"94.7000","9.4679","1431.2841","9.4679"
"94.8000","9.4780","1432.7396","9.4780"
"94.9000","9.4880","1434.1406","9.4880"
"95.0000","9.4980","1435.4908","9.4980"
"95.1000","9.5080","1436.8862","9.5080"
"95.2000","9.5179","1438.2616","9.5179"
"95.3000","9.5279","1439.6598","9.5279"
"95.4000","9.5380","1441.0543","9.5380"
"95.5000","9.5480","1442.4506","9.5480"
"95.6000","9.5580","1443.8472","9.5580"
"95.7000","9.5679","1445.2181","9.5679"
"95.8000","9.5779","1446.6101","9.5779"
"95.9000","9.5880","1448.0341","9.5880"
"96.0000","9.5980","1449.4377","9.5980"
"96.1000","9.6080","1450.8025","9.6080"
"96.2000","9.6180","1452.2128","9.6180"
"96.3000","9.6279","1453.6014","9.6279"
"96.4000","9.6380","1455.0277","9.6380"
"96.5000","9.6480","1456.4000","9.6480"
"96.6000","9.6580","1457.7739","9.6580"
"96.7000","9.6680","1459.1283","9.6680"
"96.8000","9.6779","1460.5107","9.6779"
"96.9000","9.6879","1461.9102","9.6879"
"97.0000","9.6980","1463.3467","9.6980"
"97.1000","9.7080","1464.7108","9.7080"
"97.2000","9.7180","1466.1138","9.7180"
"97.3000","9.7279","1467.4614","9.7279"
"97.4000","9.7379","1468.8394","9.7379"
"97.5000","9.7480","1470.2074","9.7480"
"97.6000","9.7580","1471.5657","9.7580"
"97.7000","9.7680","1472.8870","9.7680"
"97.8000","9.7780","1474.2078","9.7780"
"97.9000","9.7879","1475.5542","9.7879"
"98.0000","9.7979","1476.9561","9.7979"
"98.1000","9.8080","1478.2733","9.8080"
"98.2000","9.8180","1479.6591","9.8180"
"98.3000","9.8280","1481.0330","9.8280"
"98.4000","9.8379","1482.3988","9.8379"
"98.5000","9.8479","1483.7314","9.8479"
"98.6000","9.8580","1485.1246","9.8580"
"98.7000","9.8680","1486.5018","9.8680"
"98.8000","9.8780","1487.8911","9.8780"
"98.9000","9.8879","1489.2793","9.8879"
"99.0000","9.8979","1490.6589","9.8979"
"99.1000","9.9079","1492.0967","9.9079"
"99.2000","9.9180","1493.5236","9.9180"
"99.3000","9.9280","1494.9435","9.9280"
"99.4000","9.9380","1496.3412","9.9380"
"99.5000","9.9479","1497.6654","9.9479"
"99.6000","9.9579","1499.0776","9.9579"
"99.7000","9.9680","1500.4253","9.9680"
"99.8000","9.9780","1501.7729","9.9780"
"99.9000","9.9880","1503.0270","9.9880"
"100.0000","9.9980","1504.4260","9.9980"
"100.1000","10.0079","1505.7538","10.0079"
"100.2000","10.0180","1507.1295","10.0180"
"100.3000","10.0280","1508.5103","10.0280"
"100.4000","10.0380","1509.8326","10.0380"
"100.5000","10.0480","1511.2225","10.0480"
"100.6000","10.0579","1512.5781","10.0579"
"100.7000","10.0679","1513.9668","10.0679"
"100.8000","10.0780","1515.3666","10.0780"
"100.9000","10.0880","1516.7581","10.0880"
"101.0000","10.0980","1518.1354","10.0980"
"101.1000","10.1079","1519.5261","10.1079"
"101.2000","10.1179","1520.8954","10.1179"
"101.3000","10.1280","1522.2931","10.1280"
"101.4000","10.1380","1523.6423","10.1380"
"101.5000","10.1480","1524.9851","10.1480"
"101.6000","10.1580","1526.3562","10.1580"
"101.7000","10.1679","1527.6172","10.1679"
"101.8000","10.1780","1528.9814","10.1780"
"101.9000","10.1880","1530.3796","10.1880"
"102.0000","10.1980","1531.7092","10.1980"
"102.1000","10.2080","1532.9951","10.2080"
"102.2000","10.2179","1534.3467","10.2179"
"102.3000","10.2279","1535.7568","10.2279"
"102.4000","10.2380","1537.1335","10.2380"
"102.5000","10.2480","1538.4983","10.2480"
"102.6000","10.2580","1539.8307","10.2580"
"102.7000","10.2679","1541.1801","10.2679"
"102.8000","10.2779","1542.5529","10.2779"
"102.9000","10.2880","1543.9017","10.2880"
"103.0000","10.2980","1545.2435","10.2980"
"103.1000","10.3080","1546.5602","10.3080"
"103.2000","10.3180","1547.9319","10.3180"
"103.3000","10.3279","1549.2244","10.3279"
"103.4000","10.3379","1537.0409","10.3379"
"103.5000","10.3480","1538.2833","10.3480"
"103.6000","10.3580","1539.3824","10.3580"
"103.7000","10.3680","1540.7209","10.3680"
"103.8000","10.3779","1542.1489","10.3779"
"103.9000","10.3879","1543.6327","10.3879"
"104.0000","10.3980","1545.1923","10.3980"
"104.1000","10.4080","1546.7097","10.4080"
"104.2000","10.4180","1548.2289","10.4180"
"104.3000","10.4279","1549.6664","10.4279"
"104.4000","10.4379","1551.1306","10.4379"
"104.5000","10.4480","1552.5643","10.4480"
"104.6000","10.4580","1553.9911","10.4580"
"104.7000","10.4680","1555.3390","10.4680"
"104.8000","10.4780","1556.6516","10.4780"
"104.9000","10.4879","1557.8695","10.4879"
"105.0000","10.4979","1559.1615","10.4979"
"105.1000","10.5080","1560.4340","10.5080"
"105.2000","10.5180","1561.7029","10.5180"
"105.3000","10.5280","1562.9746","10.5280"
"105.4000","10.5379","1564.2819","10.5379"
"105.5000","10.5479","1565.5740","10.5479"
"105.6000","10.5580","1566.9253","10.5580"
"105.7000","10.5680","1568.2506","10.5680"
"105.8000","10.5780","1569.5800","10.5780"
"105.9000","10.5880","1570.9547","10.5880"
"106.0000","10.5979","1572.3446","10.5979"
"106.1000","10.6080","1573.7316","10.6080"
"106.2000","10.6180","1575.1434","10.6180"
"106.3000","10.6280","1576.5349","10.6280"
"106.4000","10.6380","1577.9000","10.6380"
"106.5000","10.6479","1579.1887","10.6479"
"106.6000","10.6579","1580.5234","10.6579"
"106.7000","10.6680","1581.8687","10.6680"
"106.8000","10.6780","1583.2925","10.6780"
"106.9000","10.6880","1584.5846","10.6880"
"107.0000","10.6980","1585.9255","10.6980"
"107.1000","10.7079","1587.2971","10.7079"
"107.2000","10.7180","1588.6913","10.7180"
"107.3000","10.7280","1590.1051","10.7280"
"107.4000","10.7380","1591.4397","10.7380"
"107.5000","10.7480","1592.8026","10.7480"
"107.6000","10.7579","1594.1382","10.7579"
"107.7000","10.7679","1595.5000","10.7679"
"107.8000","10.7780","1596.9111","10.7780"
"107.9000","10.7880","1598.2877","10.7880"
"108.0000","10.7980","1599.6488","10.7980"
"108.1000","10.8079","1600.9894","10.8079"
"108.2000","10.8179","1602.3381","10.8179"
"108.3000","10.8280","1603.7346","10.8280"
"108.4000","10.8380","1605.1273","10.8380"
"108.5000","10.8480","1606.4946","10.8480"
"108.6000","10.8580","1607.8402","10.8580"
"108.7000","10.8679","1609.0884","10.8679"
"108.8000","10.8780","1610.4272","10.8780"
"108.9000","10.8880","1611.8195","10.8880"
"109.0000","10.8980","1613.1404","10.8980"
"109.1000","10.9080","1614.5171","10.9080"
"109.2000","10.9179","1615.8381","10.9179"
"109.3000","10.9279","1617.2269","10.9279"
"109.4000","10.9380","1618.5890","10.9380"
"109.5000","10.9480","1619.9003","10.9480"
"109.6000","10.9580","1621.2996","10.9580"
"109.7000","10.9680","1622.6053","10.9680"
"109.8000","10.9779","1623.9543","10.9779"
"109.9000","10.9880","1625.2527","10.9880"
"110.0000","10.9980","1626.6805","10.9980"
"110.1000","11.0080","1628.0475","11.0080"
"110.2000","11.0180","1629.3553","11.0180"
"110.3000","11.0279","1630.6466","11.0279"
"110.4000","11.0379","1631.9965","11.0379"
"110.5000","11.0480","1633.3459","11.0480"
"110.6000","11.0580","1634.6803","11.0580"
"110.7000","11.0680","1636.0305","11.0680"
"110.8000","11.0779","1637.4025","11.0779"
"110.9000","11.0879","1638.7290","11.0879"
"111.0000","11.0980","1640.1571","11.0980"
"111.1000","11.1080","1641.4349","11.1080"
"111.2000","11.1180","1642.7828","11.1180"
"111.3000","11.1280","1644.1276","11.1280"
"111.4000","11.1379","1645.4813","11.1379"
"111.5000","11.1479","1646.8341","11.1479"
"111.6000","11.1580","1648.1855","11.1580"
"111.7000","11.1680","1649.5634","11.1680"
"111.8000","11.1780","1650.9260","11.1780"
"111.9000","11.1879","1652.2363","11.1879"
"112.0000","11.1979","1653.6099","11.1979"
"112.1000","11.2080","1654.9266","11.2080"
"112.2000","11.2180","1656.2545","11.2180"
"112.3000","11.2280","1657.5784","11.2280"
"112.4000","11.2380","1658.8721","11.2380"
"112.5000","11.2479","1660.2112","11.2479"
"112.6000","11.2580","1661.5909","11.2580"
"112.7000","11.2680","1662.9462","11.2680"
"112.8000","11.2780","1664.3160","11.2780"
"112.9000","11.2880","1665.6573","11.2880"
"113.0000","11.2979","1666.9678","11.2979"
"113.1000","11.3079","1668.2891","11.3079"
"113.2000","11.3180","1669.6401","11.3180"
"113.3000","11.3280","1671.0012","11.3280"
"113.4000","11.3380","1672.3243","11.3380"
"113.5000","11.3479","1673.6604","11.3479"
"113.6000","11.3579","1674.9983","11.3579"
"113.7000","11.3680","1676.3722","11.3680"
"113.8000","11.3780","1677.7634","11.3780"
"113.9000","11.3880","1679.1074","11.3880"
"114.0000","11.3980","1680.4681","11.3980"
"114.1000","11.4079","1681.7955","11.4079"
"114.2000","11.4180","1683.2542","11.4180"
"114.3000","11.4280","1684.5863","11.4280"
"114.4000","11.4380","1685.9641","11.4380"
"114.5000","11.4480","1687.3076","11.4480"
"114.6000","11.4579","1688.6492","11.4579"
"114.7000","11.4679","1690.0646","11.4679"
"114.8000","11.4780","1691.4301","11.4780"
"114.9000","11.4880","1692.7151","11.4880"
"115.0000","11.4980","1694.1086","11.4980"
"115.1000","11.5079","1695.4552","11.5079"
"115.2000","11.5179","1696.7789","11.5179"
"115.3000","11.5280","1698.1042","11.5280"
"115.4000","11.5380","1699.4460","11.5380"
"115.5000","11.5480","1700.7609","11.5480"
"115.6000","11.5580","1702.1010","11.5580"
"115.7000","11.5679","1703.3947","11.5679"
"115.8000","11.5779","1704.7173","11.5779"
"115.9000","11.5880","1706.0867","11.5880"
"116.0000","11.5980","1707.4388","11.5980"
"116.1000","11.6080","1708.7712","11.6080"
"116.2000","11.6179","1710.1168","11.6179"
"116.3000","11.6279","1711.4556","11.6279"
"116.4000","11.6380","1712.8022","11.6380"
"116.5000","11.6480","1714.1116","11.6480"
"116.6000","11.6580","1715.4337","11.6580"
"116.7000","11.6679","1716.7317","11.6679"
"116.8000","11.6779","1718.0621","11.6779"
"116.9000","11.6879","1719.4294","11.6879"
"117.0000","11.6980","1720.8158","11.6980"
"117.1000","11.7080","1722.1838","11.7080"
"117.2000","11.7180","1723.5342","11.7180"
"117.3000","11.7279","1724.8014","11.7279"
"117.4000","11.7379","1726.1527","11.7379"
"117.5000","11.7480","1727.5082","11.7480"
"117.6000","11.7580","1728.8776","11.7580"
"117.7000","11.7680","1730.1744","11.7680"
"117.8000","11.7779","1731.4967","11.7779"
"117.9000","11.7879","1732.8396","11.7879"
"118.0000","11.7979","1734.2378","11.7979"
"118.1000","11.8080","1735.5204","11.8080"
"118.2000","11.8180","1736.9352","11.8180"
"118.3000","11.8279","1738.2439","11.8279"
"118.4000","11.8379","1739.6235","11.8379"
"118.5000","11.8479","1740.9711","11.8479"
"118.6000","11.8580","1742.3302","11.8580"
"118.7000","11.8680","1743.6632","11.8680"
"118.8000","11.8780","1744.9666","11.8780"
"118.9000","11.8879","1746.2817","11.8879"
"119.0000","11.8979","1747.6223","11.8979"
"119.1000","11.9080","1748.9808","11.9080"
"119.2000","11.9180","1750.3218","11.9180"
"119.3000","11.9280","1751.6615","11.9280"
"119.4000","11.9380","1753.0533","11.9380"
"119.5000","11.9479","1754.3300","11.9479"
"119.6000","11.9580","1755.7098","11.9580"
"119.7000","11.9680","1757.1001","11.9680"
"119.8000","11.9780","1758.4044","11.9780"
"119.9000","11.9880","1759.7183","11.9880"
"120.0000","11.9979","1760.9651","11.9979"
"120.1000","12.0079","1762.2708","12.0079"
"120.2000","12.0180","1763.6622","12.0180"
"120.3000","12.0280","1764.9562","12.0280"
"120.4000","12.0380","1766.2267","12.0380"
"120.5000","12.0479","1767.5513","12.0479"
"120.6000","12.0579","1768.8674","12.0579"
"120.7000","12.0679","1770.1816","12.0679"
"120.8000","12.0780","1771.5886","12.0780"
"120.9000","12.0880","1772.9065","12.0880"
"121.0000","12.0980","1774.2418","12.0980"
"121.1000","12.1079","1775.5359","12.1079"
"121.2000","12.1179","1776.9143","12.1179"
"121.3000","12.1280","1778.2599","12.1280"
"121.4000","12.1380","1779.5811","12.1380"
"121.5000","12.1480","1780.9413","12.1480"
"121.6000","12.1579","1782.2631","12.1579"
"121.7000","12.1679","1783.6094","12.1679"
"121.8000","12.1780","1784.8696","12.1780"
"121.9000","12.1880","1786.2115","12.1880"
"122.0000","12.1980","1787.4982","12.1980"
"122.1000","12.2079","1788.7986","12.2079"
"122.2000","12.2179","1790.0886","12.2179"
"122.3000","12.2280","1791.4529","12.2280"
"122.4000","12.2380","1792.7842","12.2380"
"122.5000","12.2480","1794.1144","12.2480"
"122.6000","12.2580","1795.4563","12.2580"
"122.7000","12.2679","1796.7096","12.2679"
"122.8000","12.2779","1798.0424","12.2779"
"122.9000","12.2880","1799.3521","12.2880"
"123.0000","12.2980","1800.6432","12.2980"
"123.1000","12.3080","1801.9539","12.3080"
"123.2000","12.3179","1803.1951","12.3179"
"123.3000","12.3279","1804.5354","12.3279"
"123.4000","12.3380","1805.8604","12.3380"
"123.5000","12.3480","1807.1251","12.3480"
"123.6000","12.3580","1808.4454","12.3580"
"123.7000","12.3680","1809.7546","12.3680"
"123.8000","12.3779","1811.0331","12.3779"
"123.9000","12.3879","1812.3372","12.3879"
"124.0000","12.3980","1813.6991","12.3980"
"124.1000","12.4080","1814.9980","12.4080"
"124.2000","12.4180","1816.3312","12.4180"
"124.3000","12.4279","1817.6035","12.4279"
"124.4000","12.4379","1818.9207","12.4379"
"124.5000","12.4480","1820.2454","12.4480"
"124.6000","12.4580","1821.5240","12.4580"
"124.7000","12.4680","1822.8494","12.4680"
"124.8000","12.4780","1824.1578","12.4780"
"124.9000","12.4879","1825.4414","12.4879"
"125.0000","12.4979","1826.7793","12.4979"
"125.1000","12.5080","1828.0525","12.5080"
"125.2000","12.5180","1829.3605","12.5180"
"125.3000","12.5280","1830.7184","12.5280"
"125.4000","12.5379","1832.0020","12.5379"
"125.5000","12.5479","1833.3523","12.5479"
"125.6000","12.5580","1834.7432","12.5580"
"125.7000","12.5680","1836.0970","12.5680"
"125.8000","12.5780","1837.4666","12.5780"
"125.9000","12.5879","1838.7717","12.5879"
"126.0000","12.5979","1840.0862","12.5979"
"126.1000","12.6080","1841.4181","12.6080"
"126.2000","12.6180","1842.7515","12.6180"
"126.3000","12.6280","1844.0184","12.6280"
"126.4000","12.6380","1845.3481","12.6380"
"126.5000","12.6479","1846.5754","12.6479"
"126.6000","12.6579","1847.9441","12.6579"
"126.7000","12.6680","1849.2782","12.6680"
"126.8000","12.6780","1850.5751","12.6780"
"126.9000","12.6880","1851.9198","12.6880"
"127.0000","12.6979","1853.1913","12.6979"
"127.1000","12.7079","1854.5128","12.7079"
"127.2000","12.7180","1855.8595","12.7180"
"127.3000","12.7280","1857.1760","12.7280"
"127.4000","12.7380","1858.4917","12.7380"
"127.5000","12.7479","1859.8298","12.7479"
"127.6000","12.7579","1861.1543","12.7579"
"127.7000","12.7679","1862.4572","12.7679"
"127.8000","12.7780","1863.8070","12.7780"
"127.9000","12.7880","1865.1754","12.7880"
"128.0000","12.7980","1866.5537","12.7980"
"128.1000","12.8079","1867.8715","12.8079"
"128.2000","12.8179","1869.2812","12.8179"
"128.3000","12.8280","1870.5680","12.8280"
"128.4000","12.8380","1871.8744","12.8380"
"128.5000","12.8480","1873.1631","12.8480"
"128.6000","12.8579","1874.4742","12.8579"
"128.7000","12.8679","1875.7236","12.8679"
"128.8000","12.8780","1877.0256","12.8780"
"128.9000","12.8880","1878.3463","12.8880"
"129.0000","12.8980","1879.6385","12.8980"
"129.1000","12.9080","1880.8541","12.9080"
"129.2000","12.9179","1882.0906","12.9179"
"129.3000","12.9279","1883.4158","12.9279"
"129.4000","12.9380","1884.7449","12.9380"
"129.5000","12.9480","1885.9832","12.9480"
"129.6000","12.9580","1887.2676","12.9580"
"129.7000","12.9679","1888.5183","12.9679"
"129.8000","12.9779","1889.7793","12.9779"
"129.9000","12.9880","1891.0602","12.9880"
"130.0000","12.9980","1892.3867","12.9980"
"130.1000","13.0080","1893.6661","13.0080"
"130.2000","13.0180","1895.0043","13.0180"
"130.3000","13.0279","1896.2842","13.0279"
"130.4000","13.0380","1897.5649","13.0380"
"130.5000","13.0480","1898.8450","13.0480"
"130.6000","13.0580","1900.1566","13.0580"
"130.7000","13.0680","1901.3752","13.0680"
"130.8000","13.0779","1902.6333","13.0779"
"130.9000","13.0879","1903.9392","13.0879"
"131.0000","13.0980","1905.2631","13.0980"
"131.1000","13.1080","1906.5359","13.1080"
"131.2000","13.1180","1907.8159","13.1180"
"131.3000","13.1279","1909.1067","13.1279"
"131.4000","13.1379","1910.4148","13.1379"
"131.5000","13.1480","1911.7837","13.1480"
"131.6000","13.1580","1913.1168","13.1580"
"131.7000","13.1680","1914.4513","13.1680"
"131.8000","13.1780","1915.7399","13.1780"
"131.9000","13.1879","1916.9666","13.1879"
"132.0000","13.1980","1918.3237","13.1980"
"132.1000","13.2080","1919.6376","13.2080"
"132.2000","13.2180","1920.9183","13.2180"
"132.3000","13.2280","1922.1755","13.2280"
"132.4000","13.2379","1923.4950","13.2379"
"132.5000","13.2479","1924.8064","13.2479"
"132.6000","13.2580","1926.1322","13.2580"
"132.7000","13.2680","1927.4091","13.2680"
"132.8000","13.2780","1928.7272","13.2780"
"132.9000","13.2880","1930.0145","13.2880"
"133.0000","13.2979","1931.2620","13.2979"
"133.1000","13.3080","1932.5714","13.3080"
"133.2000","13.3180","1933.8916","13.3180"
"133.3000","13.3280","1935.1907","13.3280"
"133.4000","13.3380","1936.4999","13.3380"
"133.5000","13.3479","1937.6820","13.3479"
"133.6000","13.3579","1939.0309","13.3579"
"133.7000","13.3680","1940.3340","13.3680"
"133.8000","13.3780","1941.6348","13.3780"
"133.9000","13.3880","1942.9231","13.3880"
"134.0000","13.3980","1944.1819","13.3980"
"134.1000","13.4079","1945.4650","13.4079"
"134.2000","13.4180","1946.8013","13.4180"
"134.3000","13.4280","1948.1315","13.4280"
"134.4000","13.4380","1949.4885","13.4380"
"134.5000","13.4480","1950.8157","13.4480"
"134.6000","13.4579","1952.1132","13.4579"
"134.7000","13.4679","1953.4828","13.4679"
"134.8000","13.4780","1954.7804","13.4780"
"134.9000","13.4880","1956.0803","13.4880"
"135.0000","13.4980","1957.4070","13.4980"
"135.1000","13.5079","1958.7089","13.5079"
"135.2000","13.5179","1960.0560","13.5179"
"135.3000","13.5280","1961.3777","13.5280"
"135.4000","13.5380","1962.6389","13.5380"
"135.5000","13.5480","1963.9730","13.5480"
"135.6000","13.5580","1965.2374","13.5580"
"135.7000","13.5679","1966.5333","13.5679"
"135.8000","13.5780","1967.8252","13.5780"
"135.9000","13.5880","1969.1527","13.5880"
"136.0000","13.5980","1970.4795","13.5980"
"136.1000","13.6080","1971.8372","13.6080"
"136.2000","13.6179","1973.1295","13.6179"
"136.3000","13.6279","1974.4413","13.6279"
"136.4000","13.6380","1975.7916","13.6380"
"136.5000","13.6480","1977.0636","13.6480"
"136.6000","13.6580","1978.3676","13.6580"
"136.7000","13.6679","1979.6589","13.6679"
"136.8000","13.6779","1980.8953","13.6779"
"136.9000","13.6880","1982.2567","13.6880"
"137.0000","13.6980","1983.5645","13.6980"
"137.1000","13.7080","1984.8459","13.7080"
"137.2000","13.7180","1986.1155","13.7180"
"137.3000","13.7279","1987.3318","13.7279"
"137.4000","13.7380","1988.6672","13.7380"
"137.5000","13.7480","1989.9596","13.7480"
"137.6000","13.7580","1991.2101","13.7580"
"137.7000","13.7680","1992.4562","13.7680"
"137.8000","13.7779","1993.7045","13.7779"
"137.9000","13.7879","1994.9711","13.7879"
"138.0000","13.7980","1996.2974","13.7980"
"138.1000","13.8080","1997.5579","13.8080"
"138.2000","13.8180","1998.8752","13.8180"
"138.3000","13.8279","2000.1393","13.8279"
"138.4000","13.8379","2001.4651","13.8379"
"138.5000","13.8480","2002.7526","13.8480"
"138.6000","13.8580","2003.9995","13.8580"
"138.7000","13.8680","2005.2941","13.8680"
"138.8000","13.8780","2006.5880","13.8780"
"138.9000","13.8879","2007.7972","13.8879"
"139.0000","13.8979","2009.1207","13.8979"
"139.1000","13.9080","2010.3877","13.9080"
"139.2000","13.9180","2011.6987","13.9180"
"139.3000","13.9280","2012.9945","13.9280"
"139.4000","13.9379","2014.2286","13.9379"
"139.5000","13.9479","2015.4984","13.9479"
"139.6000","13.9580","2016.8202","13.9580"
"139.7000","13.9680","2018.1014","13.9680"
"139.8000","13.9780","2019.4344","13.9780"
"139.9000","13.9880","2020.6935","13.9880"
"140.0000","13.9979","2021.8823","13.9979"
"140.1000","14.0080","2023.2172","14.0080"
"140.2000","14.0180","2024.4753","14.0180"
"140.3000","14.0280","2025.7604","14.0280"
"140.4000","14.0380","2027.0131","14.0380"
"140.5000","14.0479","2028.2833","14.0479"
"140.6000","14.0579","2029.5532","14.0579"
"140.7000","14.0680","2030.8530","14.0680"
"140.8000","14.0780","2032.1200","14.0780"
"140.9000","14.0880","2033.3130","14.0880"
"141.0000","14.0979","2034.6132","14.0979"
"141.1000","14.1079","2035.8098","14.1079"
"141.2000","14.1180","2037.1401","14.1180"
"141.3000","14.1280","2038.4211","14.1280"
"141.4000","14.1380","2039.6998","14.1380"
"141.5000","14.1480","2041.0082","14.1480"
"141.6000","14.1579","2042.3154","14.1579"
"141.7000","14.1679","2043.5856","14.1679"
"141.8000","14.1780","2044.9111","14.1780"
"141.9000","14.1880","2046.1476","14.1880"
"142.0000","14.1980","2047.4319","14.1980"
"142.1000","14.2079","2048.6892","14.2079"
"142.2000","14.2179","2049.9351","14.2179"
"142.3000","14.2280","2051.1853","14.2280"
"142.4000","14.2380","2052.4529","14.2380"
"142.5000","14.2480","2053.7310","14.2480"
"142.6000","14.2580","2054.9583","14.2580"
"142.7000","14.2679","2056.1436","14.2679"
"142.8000","14.2779","2057.4509","14.2779"
"142.9000","14.2880","2058.7073","14.2880"
"143.0000","14.2980","2059.9834","14.2980"
"143.1000","14.3080","2061.2256","14.3080"
"143.2000","14.3179","2062.5127","14.3179"
"143.3000","14.3279","2063.7510","14.3279"
"143.4000","14.3380","2065.0654","14.3380"
"143.5000","14.3480","2066.3057","14.3480"
"143.6000","14.3580","2067.6003","14.3580"
"143.7000","14.3679","2068.8335","14.3679"
"143.8000","14.3779","2070.0732","14.3779"
"143.9000","14.3880","2071.3811","14.3880"
"144.0000","14.3980","2072.6821","14.3980"
"144.1000","14.4080","2073.9180","14.4080"
"144.2000","14.4180","2075.2830","14.4180"
"144.3000","14.4279","2076.5466","14.4279"
"144.4000","14.4379","2077.8408","14.4379"
"144.5000","14.4480","2079.1318","14.4480"
"144.6000","14.4580","2080.4167","14.4580"
"144.7000","14.4680","2081.6824","14.4680"
"144.8000","14.4779","2082.9995","14.4779"
"144.9000","14.4879","2084.2881","14.4879"
"145.0000","14.4980","2085.5430","14.4980"
"145.1000","14.5080","2086.7883","14.5080"
"145.2000","14.5180","2088.0576","14.5180"
"145.3000","14.5280","2089.3005","14.5280"
"145.4000","14.5379","2090.5374","14.5379"
"145.5000","14.5479","2091.7832","14.5479"
"145.6000","14.5580","2093.1116","14.5580"
"145.7000","14.5680","2094.3376","14.5680"
"145.8000","14.5780","2095.6052","14.5780"
"145.9000","14.5879","2096.8325","14.5879"
"146.0000","14.5979","2098.1296","14.5979"
"146.1000","14.6080","2099.4268","14.6080"
"146.2000","14.6180","2100.6870","14.6180"
"146.3000","14.6280","2101.9045","14.6280"
"146.4000","14.6379","2103.1677","14.6379"
"146.5000","14.6479","2104.4045","14.6479"
"146.6000","14.6580","2105.7014","14.6580"
"146.7000","14.6680","2106.9766","14.6680"
"146.8000","14.6780","2108.2305","14.6780"
"146.9000","14.6880","2109.4414","14.6880"
"147.0000","14.6979","2110.6272","14.6979"
"147.1000","14.7079","2111.9160","14.7079"
"147.2000","14.7180","2113.1846","14.7180"
"147.3000","14.7280","2114.4377","14.7280"
"147.4000","14.7380","2115.6780","14.7380"
"147.5000","14.7479","2116.9282","14.7479"
"147.6000","14.7579","2118.1235","14.7579"
"147.7000","14.7680","2119.3994","14.7680"
"147.8000","14.7780","2120.6194","14.7780"
"147.9000","14.7880","2121.8943","14.7880"
"148.0000","14.7980","2123.1194","14.7980"
"148.1000","14.8079","2124.3125","14.8079"
"148.2000","14.8179","2125.5808","14.8179"
"148.3000","14.8280","2126.8777","14.8280"
"148.4000","14.8380","2128.1077","14.8380"
"148.5000","14.8480","2129.3350","14.8480"
"148.6000","14.8579","2130.5625","14.8579"
"148.7000","14.8679","2131.7874","14.8679"
"148.8000","14.8780","2133.0208","14.8780"
"148.9000","14.8880","2134.2236","14.8880"
"149.0000","14.8980","2135.4495","14.8980"
"149.1000","14.9079","2136.6726","14.9079"
"149.2000","14.9179","2137.9175","14.9179"
"149.3000","14.9280","2139.1641","14.9280"
"149.4000","14.9380","2140.4722","14.9380"
"149.5000","14.9480","2141.6497","14.9480"
"149.6000","14.9580","2142.9597","14.9580"
"149.7000","14.9679","2144.1116","14.9679"
"149.8000","14.9779","2145.3889","14.9779"
"149.9000","14.9880","2146.6792","14.9880"
"150.0000","14.9980","2147.9353","14.9980"
"150.1000","15.0080","2149.1560","15.0080"
"150.2000","15.0179","2150.3677","15.0179"
"150.3000","15.0279","2151.6318","15.0279"
"150.4000","15.0380","2152.8879","15.0380"
"150.5000","15.0480","2154.1211","15.0480"
"150.6000","15.0580","2155.3447","15.0580"
"150.7000","15.0679","2156.6152","15.0679"
"150.8000","15.0779","2157.7944","15.0779"
"150.9000","15.0879","2159.0017","15.0879"
"151.0000","15.0980","2160.2856","15.0980"
"151.1000","15.1080","2161.5352","15.1080"
"151.2000","15.1180","2162.7273","15.1180"
"151.3000","15.1279","2163.9473","15.1279"
"151.4000","15.1379","2165.2122","15.1379"
"151.5000","15.1480","2166.4839","15.1480"
"151.6000","15.1580","2167.6904","15.1580"
"151.7000","15.1680","2168.8716","15.1680"
"151.8000","15.1779","2170.1055","15.1779"
"151.9000","15.1879","2171.3037","15.1879"
"152.0000","15.1980","2172.5305","15.1980"
"152.1000","15.2080","2173.7568","15.2080"
"152.2000","15.2180","2174.9209","15.2180"
"152.3000","15.2280","2176.2012","15.2280"
"152.4000","15.2379","2177.3879","15.2379"
"152.5000","15.2480","2178.6907","15.2480"
"152.6000","15.2580","2179.9236","15.2580"
"152.7000","15.2680","2181.1606","15.2680"
"152.8000","15.2780","2182.4453","15.2780"
"152.9000","15.2879","2183.6479","15.2879"
"153.0000","15.2979","2184.8928","15.2979"
"153.1000","15.3080","2186.1536","15.3080"
"153.2000","15.3180","2187.3972","15.3180"
"153.3000","15.3280","2188.6038","15.3280"
"153.4000","15.3380","2189.8279","15.3380"
"153.5000","15.3479","2191.0276","15.3479"
"153.6000","15.3580","2192.3145","15.3580"
"153.7000","15.3680","2193.5056","15.3680"
"153.8000","15.3780","2194.7004","15.3780"
"153.9000","15.3880","2195.9294","15.3880"
"154.0000","15.3979","2197.1250","15.3979"
"154.1000","15.4079","2198.3086","15.4079"
"154.2000","15.4180","2199.4758","15.4180"
"154.3000","15.4280","2200.6404","15.4280"
"154.4000","15.4380","2201.8469","15.4380"
"154.5000","15.4480","2203.0034","15.4480"
"154.6000","15.4579","2204.2029","15.4579"
"154.7000","15.4680","2205.4412","15.4680"
"154.8000","15.4780","2206.6880","15.4780"
"154.9000","15.4880","2207.8982","15.4880"
"155.0000","15.4980","2209.1650","15.4980"
"155.1000","15.5079","2210.2979","15.5079"
"155.2000","15.5179","2211.6409","15.5179"
"155.3000","15.5280","2212.8503","15.5280"
"155.4000","15.5380","2214.0293","15.5380"
"155.5000","15.5480","2215.0854","15.5480"
"155.6000","15.5580","2216.1638","15.5580"
"155.7000","15.5679","2217.3406","15.5679"
"155.8000","15.5780","2218.4810","15.5780"
"155.9000","15.5880","2219.6379","15.5880"
"156.0000","15.5980","2220.7793","15.5980"
"156.1000","15.6080","2221.8794","15.6080"
"156.2000","15.6179","2223.0723","15.6179"
"156.3000","15.6280","2224.2505","15.6280"
"156.4000","15.6380","2225.4194","15.6380"
"156.5000","15.6480","2226.5813","15.6480"
"156.6000","15.6580","2227.7942","15.6580"
"156.7000","15.6679","2228.8821","15.6679"
"156.8000","15.6779","2230.0806","15.6779"
"156.9000","15.6880","2231.1243","15.6880"
"157.0000","15.6980","2232.2410","15.6980"
"157.1000","15.7080","2233.4033","15.7080"
"157.2000","15.7179","2234.5671","15.7179"
"157.3000","15.7279","2235.7534","15.7279"
"157.4000","15.7380","2236.9910","15.7380"
"157.5000","15.7480","2238.1584","15.7480"
"157.6000","15.7580","2239.3530","15.7580"
"157.7000","15.7680","2240.5488","15.7680"
"157.8000","15.7779","2241.6685","15.7779"
"157.9000","15.7879","2242.9172","15.7879"
"158.0000","15.7980","2244.0837","15.7980"
"158.1000","15.8080","2245.2888","15.8080"
"158.2000","15.8180","2246.4683","15.8180"
"158.3000","15.8279","2247.6057","15.8279"
"158.4000","15.8379","2248.8948","15.8379"
"158.5000","15.8480","2250.1187","15.8480"
"158.6000","15.8580","2251.2961","15.8580"
"158.7000","15.8680","2252.4568","15.8680"
"158.8000","15.8779","2253.6143","15.8779"
"158.9000","15.8879","2254.7537","15.8879"
"159.0000","15.8980","2255.9363","15.8980"
"159.1000","15.9080","2257.0798","15.9080"
"159.2000","15.9180","2258.2310","15.9180"
"159.3000","15.9280","2259.3630","15.9280"
"159.4000","15.9379","2260.4851","15.9379"
"159.5000","15.9479","2261.7034","15.9479"
"159.6000","15.9580","2262.8882","15.9580"
"159.7000","15.9680","2264.1050","15.9680"
"159.8000","15.9780","2265.2581","15.9780"
"159.9000","15.9879","2266.4231","15.9879"
"160.0000","15.9979","2267.5361","15.9979"
"160.1000","16.0080","2268.7876","16.0080"
"160.2000","16.0180","2269.9397","16.0180"
"160.3000","16.0280","2271.1594","16.0280"
"160.4000","16.0379","2272.3472","16.0379"
"160.5000","16.0479","2273.4756","16.0479"
"160.6000","16.0579","2274.7622","16.0579"
"160.7000","16.0680","2275.8616","16.0680"
"160.8000","16.0780","2277.0195","16.0780"
"160.9000","16.0880","2278.2036","16.0880"
"161.0000","16.0979","2279.3130","16.0979"
"161.1000","16.1079","2280.4539","16.1079"
"161.2000","16.1180","2281.5750","16.1180"
"161.3000","16.1280","2282.7327","16.1280"
"161.4000","16.1380","2283.8657","16.1380"
"161.5000","16.1480","2284.9934","16.1480"
"161.6000","16.1579","2286.1538","16.1579"
"161.7000","16.1679","2287.3318","16.1679"
"161.8000","16.1780","2288.5103","16.1780"
"161.9000","16.1880","2289.6648","16.1880"
"162.0000","16.1980","2290.8083","16.1980"
"162.1000","16.2079","2291.9675","16.2079"
"162.2000","16.2179","2293.1895","16.2179"
"162.3000","16.2280","2294.4094","16.2280"
"162.4000","16.2380","2295.5808","16.2380"
"162.5000","16.2480","2296.7832","16.2480"
"162.6000","16.2579","2297.9834","16.2579"
"162.7000","16.2679","2299.1528","16.2679"
"162.8000","16.2780","2300.3696","16.2780"
"162.9000","16.2880","2301.5515","16.2880"
"163.0000","16.2980","2302.7332","16.2980"
"163.1000","16.3080","2303.9551","16.3080"
"163.2000","16.3179","2305.0413","16.3179"
"163.3000","16.3279","2306.2715","16.3279"
"163.4000","16.3380","2307.4612","16.3380"
"163.5000","16.3480","2308.6687","16.3480"
"163.6000","16.3580","2309.8308","16.3580"
"163.7000","16.3679","2311.0112","16.3679"
"163.8000","16.3779","2312.1777","16.3779"
"163.9000","16.3880","2313.3401","16.3880"
"164.0000","16.3980","2314.5439","16.3980"
"164.1000","16.4080","2315.6931","16.4080"
"164.2000","16.4180","2316.8687","16.4180"
"164.3000","16.4279","2318.0059","16.4279"
"164.4000","16.4380","2319.2439","16.4380"
"164.5000","16.4480","2320.4055","16.4480"
"164.6000","16.4580","2321.6194","16.4580"
"164.7000","16.4680","2322.8203","16.4680"
"164.8000","16.4779","2324.0154","16.4779"
"164.9000","16.4879","2325.2239","16.4879"
"165.0000","16.4980","2326.4338","16.4980"
"165.1000","16.5080","2327.6506","16.5080"
"165.2000","16.5180","2328.8711","16.5180"
"165.3000","16.5279","2330.0791","16.5279"
"165.4000","16.5379","2331.2590","16.5379"
"165.5000","16.5480","2332.4446","16.5480"
"165.6000","16.5580","2333.6267","16.5580"
"165.7000","16.5680","2334.7896","16.5680"
"165.8000","16.5780","2335.9731","16.5780"
"165.9000","16.5879","2337.1179","16.5879"
"166.0000","16.5979","2338.3242","16.5979"
"166.1000","16.6080","2339.5652","16.6080"
"166.2000","16.6180","2340.7339","16.6180"
"166.3000","16.6280","2341.9355","16.6280"
"166.4000","16.6379","2343.1260","16.6379"
"166.5000","16.6479","2344.3738","16.6479"
"166.6000","16.6580","2345.6130","16.6580"
"166.7000","16.6680","2346.8303","16.6680"
"166.8000","16.6780","2348.0576","16.6780"
"166.9000","16.6879","2349.2522","16.6879"
"167.0000","16.6979","2350.4475","16.6979"
"167.1000","16.7079","2351.6809","16.7079"
"167.2000","16.7180","2352.8674","16.7180"
"167.3000","16.7280","2354.0889","16.7280"
"167.4000","16.7380","2355.3228","16.7380"
"167.5000","16.7479","2356.4880","16.7479"
"167.6000","16.7579","2357.7024","16.7579"
"167.7000","16.7680","2358.8682","16.7680"
"167.8000","16.7780","2360.0596","16.7780"
"167.9000","16.7880","2361.2603","16.7880"
"168.0000","16.7979","2362.4629","16.7979"
"168.1000","16.8079","2363.6836","16.8079"
"168.2000","16.8180","2364.9187","16.8180"
"168.3000","16.8280","2366.0559","16.8280"
"168.4000","16.8380","2367.2175","16.8380"
"168.5000","16.8480","2368.3877","16.8480"
"168.6000","16.8579","2369.5427","16.8579"
"168.7000","16.8679","2370.7183","16.8679"
"168.8000","16.8780","2371.8899","16.8780"
"168.9000","16.8880","2373.0786","16.8880"
"169.0000","16.8980","2374.2466","16.8980"
"169.1000","16.9079","2375.4463","16.9079"
"169.2000","16.9179","2376.6404","16.9179"
"169.3000","16.9280","2377.8896","16.9280"
"169.4000","16.9380","2379.0562","16.9380"
"169.5000","16.9480","2380.2256","16.9480"
"169.6000","16.9580","2381.4563","16.9580"
"169.7000","16.9679","2382.6340","16.9679"
"169.8000","16.9780","2383.8953","16.9780"
"169.9000","16.9880","2385.0950","16.9880"
"170.0000","16.9980","2386.3120","16.9980"
"170.1000","17.0080","2387.4824","17.0080"
"170.2000","17.0179","2388.6753","17.0179"
"170.3000","17.0279","2389.8635","17.0279"
"170.4000","17.0380","2391.0803","17.0380"
"170.5000","17.0480","2392.2629","17.0480"
"170.6000","17.0580","2393.4360","17.0580"
"170.7000","17.0679","2394.5369","17.0679"
"170.8000","17.0779","2395.7024","17.0779"
"170.9000","17.0880","2396.8394","17.0880"
"171.0000","17.0980","2398.0205","17.0980"
"171.1000","17.1080","2399.1882","17.1080"
"171.2000","17.1180","2400.3877","17.1180"
"171.3000","17.1279","2401.5186","17.1279"
"171.4000","17.1379","2402.7229","17.1379"
"171.5000","17.1480","2403.8738","17.1480"
"171.6000","17.1580","2405.0530","17.1580"
"171.7000","17.1680","2406.2466","17.1680"
"171.8000","17.1779","2407.3755","17.1779"
"171.9000","17.1879","2408.5186","17.1879"
"172.0000","17.1980","2409.7476","17.1980"
"172.1000","17.2080","2410.8215","17.2080"
"172.2000","17.2180","2411.9233","17.2180"
"172.3000","17.2280","2412.7888","17.2280"
"172.4000","17.2379","2413.8052","17.2379"
"172.5000","17.2480","2414.9761","17.2480"
"172.6000","17.2580","2416.1074","17.2580"
"172.7000","17.2680","2417.2290","17.2680"
"172.8000","17.2780","2418.3892","17.2780"
"172.9000","17.2879","2419.4209","17.2879"
"173.0000","17.2979","2420.5701","17.2979"
"173.1000","17.3080","2421.7026","17.3080"
"173.2000","17.3180","2422.9080","17.3180"
"173.3000","17.3280","2424.0266","17.3280"
"173.4000","17.3380","2425.1694","17.3380"
"173.5000","17.3479","2426.3840","17.3479"
"173.6000","17.3580","2427.5896","17.3580"
"173.7000","17.3680","2428.7874","17.3680"
"173.8000","17.3780","2429.9758","17.3780"
"173.9000","17.3880","2431.1694","17.3880"
"174.0000","17.3979","2432.3560","17.3979"
"174.1000","17.4079","2433.5505","17.4079"
"174.2000","17.4180","2434.7273","17.4180"
"174.3000","17.4280","2435.9365","17.4280"
"174.4000","17.4380","2437.0435","17.4380"
"174.5000","17.4479","2438.1526","17.4479"
"174.6000","17.4579","2439.3191","17.4579"
"174.7000","17.4680","2440.5139","17.4680"
"174.8000","17.4780","2441.6306","17.4780"
"174.9000","17.4880","2442.7922","17.4880"
"175.0000","17.4979","2443.9451","17.4979"
"175.1000","17.5079","2445.0657","17.5079"
"175.2000","17.5180","2446.3291","17.5180"
"175.3000","17.5280","2447.4761","17.5280"
"175.4000","17.5380","2448.6423","17.5380"
"175.5000","17.5480","2449.7942","17.5480"
"175.6000","17.5579","2450.9939","17.5579"
"175.7000","17.5679","2452.1973","17.5679"
"175.8000","17.5780","2453.3748","17.5780"
"175.9000","17.5880","2454.5176","17.5880"
"176.0000","17.5980","2455.7031","17.5980"
"176.1000","17.6079","2456.8450","17.6079"
"176.2000","17.6179","2458.0171","17.6179"
"176.3000","17.6280","2459.2146","17.6280"
"176.4000","17.6380","2460.3650","17.6380"
"176.5000","17.6480","2461.4824","17.6480"
"176.6000","17.6580","2462.6467","17.6580"
"176.7000","17.6679","2463.7952","17.6679"
"176.8000","17.6780","2464.9587","17.6780"
"176.9000","17.6880","2466.1533","17.6880"
"177.0000","17.6980","2467.3535","17.6980"
"177.1000","17.7080","2468.4431","17.7080"
"177.2000","17.7179","2469.5186","17.7179"
"177.3000","17.7279","2470.4851","17.7279"
"177.4000","17.7380","2471.6157","17.7380"
"177.5000","17.7480","2472.5767","17.7480"
"177.6000","17.7580","2473.6345","17.7580"
"177.7000","17.7680","2474.6946","17.7680"
"177.8000","17.7779","2475.7976","17.7779"
"177.9000","17.7880","2476.9165","17.7880"
"178.0000","17.7980","2477.9858","17.7980"
"178.1000","17.8080","2479.0581","17.8080"
"178.2000","17.8180","2480.1550","17.8180"
"178.3000","17.8279","2481.2261","17.8279"
"178.4000","17.8379","2482.3784","17.8379"
"178.5000","17.8480","2483.5239","17.8480"
"178.6000","17.8580","2484.6531","17.8580"
"178.7000","17.8680","2485.7412","17.8680"
"178.8000","17.8779","2486.8428","17.8779"
"178.9000","17.8879","2487.9707","17.8879"
"179.0000","17.8980","2489.1504","17.8980"
"179.1000","17.9080","2490.2695","17.9080"
"179.2000","17.9180","2491.3850","17.9180"
"179.3000","17.9280","2492.5403","17.9280"
"179.4000","17.9379","2493.6982","17.9379"
"179.5000","17.9480","2494.8367","17.9480"
"179.6000","17.9580","2495.9753","17.9580"
"179.7000","17.9680","2497.1101","17.9680"
"179.8000","17.9780","2498.2493","17.9780"
"179.9000","17.9879","2499.3223","17.9879"
"180.0000","17.9979","2500.5112","17.9979"
"180.1000","18.0080","2501.6003","18.0080"
"180.2000","18.0180","2502.7126","18.0180"
"180.3000","18.0280","2503.8328","18.0280"
"180.4000","18.0380","2504.9194","18.0380"
"180.5000","18.0479","2505.9810","18.0479"
"180.6000","18.0580","2507.1609","18.0580"
"180.7000","18.0680","2508.2537","18.0680"
"180.8000","18.0780","2509.3984","18.0780"
"180.9000","18.0880","2510.5393","18.0880"
"181.0000","18.0979","2511.5439","18.0979"
"181.1000","18.1079","2512.7456","18.1079"
"181.2000","18.1180","2513.8145","18.1180"
"181.3000","18.1280","2514.9309","18.1280"
"181.4000","18.1380","2515.9934","18.1380"
"181.5000","18.1479","2517.1313","18.1479"
"181.6000","18.1579","2518.2246","18.1579"
"181.7000","18.1680","2519.4290","18.1680"
"181.8000","18.1780","2520.5930","18.1780"
"181.9000","18.1880","2521.7742","18.1880"
"182.0000","18.1980","2522.8225","18.1980"
"182.1000","18.2079","2523.9370","18.2079"
"182.2000","18.2180","2525.1108","18.2180"
"182.3000","18.2280","2526.2361","18.2280"
"182.4000","18.2380","2527.3835","18.2380"
"182.5000","18.2480","2528.5217","18.2480"
"182.6000","18.2579","2529.6685","18.2579"
"182.7000","18.2679","2530.7480","18.2679"
"182.8000","18.2780","2531.9426","18.2780"
"182.9000","18.2880","2533.0466","18.2880"
"183.0000","18.2980","2534.2273","18.2980"
"183.1000","18.3079","2535.3164","18.3079"
"183.2000","18.3179","2536.4158","18.3179"
"183.3000","18.3280","2537.5652","18.3280"
"183.4000","18.3380","2538.7766","18.3380"
"183.5000","18.3480","2539.9177","18.3480"
"183.6000","18.3580","2541.0542","18.3580"
"183.7000","18.3679","2542.1045","18.3679"
"183.8000","18.3779","2543.3184","18.3779"
"183.9000","18.3880","2544.4805","18.3880"
"184.0000","18.3980","2545.6343","18.3980"
"184.1000","18.4080","2546.7444","18.4080"
"184.2000","18.4179","2547.9304","18.4179"
"184.3000","18.4279","2549.0806","18.4279"
"184.4000","18.4380","2550.2207","18.4380"
"184.5000","18.4480","2551.3420","18.4480"
"184.6000","18.4580","2552.4985","18.4580"
"184.7000","18.4680","2553.6431","18.4680"
"184.8000","18.4779","2554.7805","18.4779"
"184.9000","18.4879","2555.9517","18.4879"
"185.0000","18.4980","2557.0398","18.4980"
"185.1000","18.5080","2558.1575","18.5080"
"185.2000","18.5180","2559.2942","18.5180"
"185.3000","18.5279","2560.3694","18.5279"
"185.4000","18.5379","2561.5183","18.5379"
"185.5000","18.5480","2562.6052","18.5480"
"185.6000","18.5580","2563.7603","18.5580"
"185.7000","18.5680","2564.8347","18.5680"
"185.8000","18.5780","2565.9844","18.5780"
"185.9000","18.5879","2567.1018","18.5879"
"186.0000","18.5980","2568.2009","18.5980"
"186.1000","18.6080","2569.3276","18.6080"
"186.2000","18.6180","2570.4226","18.6180"
"186.3000","18.6280","2571.5408","18.6280"
"186.4000","18.6379","2572.5972","18.6379"
"186.5000","18.6480","2573.7043","18.6480"
"186.6000","18.6580","2574.8540","18.6580"
"186.7000","18.6680","2575.9717","18.6680"
"186.8000","18.6780","2577.1038","18.6780"
"186.9000","18.6879","2578.2036","18.6879"
"187.0000","18.6979","2579.3213","18.6979"
"187.1000","18.7080","2580.4338","18.7080"
"187.2000","18.7180","2581.5593","18.7180"
"187.3000","18.7280","2582.6936","18.7280"
"187.4000","18.7380","2583.7961","18.7380"
"187.5000","18.7479","2584.8674","18.7479"
"187.6000","18.7580","2586.0061","18.7580"
"187.7000","18.7680","2587.1489","18.7680"
"187.8000","18.7780","2588.3083","18.7780"
"187.9000","18.7880","2589.4373","18.7880"
"188.0000","18.7979","2590.5686","18.7979"
"188.1000","18.8079","2591.6975","18.8079"
"188.2000","18.8180","2592.9121","18.8180"
"188.3000","18.8280","2594.0095","18.8280"
"188.4000","18.8380","2595.1594","18.8380"
"188.5000","18.8480","2596.2732","18.8480"
"188.6000","18.8579","2597.3955","18.8579"
"188.7000","18.8680","2598.4934","18.8680"
"188.8000","18.8780","2599.5872","18.8780"
"188.9000","18.8880","2600.6836","18.8880"
"189.0000","18.8980","2601.8005","18.8980"
"189.1000","18.9079","2602.9126","18.9079"
"189.2000","18.9179","2604.0391","18.9179"
"189.3000","18.9280","2605.1658","18.9280"
"189.4000","18.9380","2606.2556","18.9380"
"189.5000","18.9480","2607.3694","18.9480"
"189.6000","18.9579","2608.5146","18.9579"
"189.7000","18.9679","2609.6292","18.9679"
"189.8000","18.9780","2610.7405","18.9780"
"189.9000","18.9880","2611.8606","18.9880"
"190.0000","18.9980","2612.9299","18.9980"
"190.1000","19.0080","2614.0503","19.0080"
"190.2000","19.0179","2615.1350","19.0179"
"190.3000","19.0280","2616.2761","19.0280"
"190.4000","19.0380","2617.4077","19.0380"
"190.5000","19.0480","2618.4761","19.0480"
"190.6000","19.0580","2619.5896","19.0580"
"190.7000","19.0679","2620.6233","19.0679"
"190.8000","19.0779","2621.6946","19.0779"
"190.9000","19.0880","2622.7695","19.0880"
"191.0000","19.0980","2623.8594","19.0980"
"191.1000","19.1080","2624.9492","19.1080"
"191.2000","19.1180","2626.0310","19.1180"
"191.3000","19.1279","2627.1179","19.1279"
"191.4000","19.1380","2628.2314","19.1380"
"191.5000","19.1480","2629.3279","19.1480"
"191.6000","19.1580","2630.5205","19.1580"
"191.7000","19.1680","2631.6560","19.1680"
"191.8000","19.1779","2632.7622","19.1779"
"191.9000","19.1879","2633.8984","19.1879"
"192.0000","19.1980","2635.0513","19.1980"
"192.1000","19.2080","2636.1704","19.2080"
"192.2000","19.2180","2637.3147","19.2180"
"192.3000","19.2279","2638.4570","19.2279"
"192.4000","19.2379","2639.6123","19.2379"
"192.5000","19.2480","2640.7554","19.2480"
"192.6000","19.2580","2641.9226","19.2580"
"192.7000","19.2680","2643.0332","19.2680"
"192.8000","19.2780","2644.1729","19.2780"
"192.9000","19.2879","2645.1689","19.2879"
"193.0000","19.2980","2645.6143","19.2980"
"193.1000","19.3080","2646.5969","19.3080"
"193.2000","19.3180","2647.6411","19.3180"
"193.3000","19.3280","2648.6812","19.3280"
"193.4000","19.3379","2649.6675","19.3379"
"193.5000","19.3479","2650.7488","19.3479"
"193.6000","19.3580","2651.8665","19.3580"
"193.7000","19.3680","2652.9358","19.3680"
"193.8000","19.3780","2653.9468","19.3780"
"193.9000","19.3879","2654.9944","19.3879"
"194.0000","19.3979","2656.0708","19.3979"
"194.1000","19.4080","2657.1138","19.4080"
"194.2000","19.4180","2658.1753","19.4180"
"194.3000","19.4280","2659.2102","19.4280"
"194.4000","19.4380","2660.2495","19.4380"
"194.5000","19.4479","2661.3101","19.4479"
"194.6000","19.4579","2662.3513","19.4579"
"194.7000","19.4680","2663.4470","19.4680"
"194.8000","19.4780","2664.5042","19.4780"
"194.9000","19.4880","2665.6216","19.4880"
"195.0000","19.4979","2666.6433","19.4979"
"195.1000","19.5079","2667.7424","19.5079"
"195.2000","19.5180","2668.8306","19.5180"
"195.3000","19.5280","2670.0461","19.5280"
"195.4000","19.5380","2671.0916","19.5380"
"195.5000","19.5480","2672.2356","19.5480"
"195.6000","19.5579","2673.3425","19.5579"
"195.7000","19.5680","2674.4487","19.5680"
"195.8000","19.5780","2675.5593","19.5780"
"195.9000","19.5880","2676.6089","19.5880"
"196.0000","19.5980","2677.7834","19.5980"
"196.1000","19.6079","2678.8171","19.6079"
"196.2000","19.6179","2679.9736","19.6179"
"196.3000","19.6280","2681.0823","19.6280"
"196.4000","19.6380","2682.1697","19.6380"
"196.5000","19.6480","2682.8518","19.6480"
"196.6000","19.6580","2683.9468","19.6580"
"196.7000","19.6679","2685.0339","19.6679"
"196.8000","19.6780","2686.1528","19.6780"
"196.9000","19.6880","2687.2322","19.6880"
"197.0000","19.6980","2688.3740","19.6980"
"197.1000","19.7080","2689.4778","19.7080"
"197.2000","19.7179","2690.5659","19.7179"
"197.3000","19.7279","2691.6104","19.7279"
"197.4000","19.7380","2692.7537","19.7380"
"197.5000","19.7480","2693.8174","19.7480"
"197.6000","19.7580","2694.8701","19.7580"
"197.7000","19.7679","2695.9609","19.7679"
"197.8000","19.7779","2697.0264","19.7779"
"197.9000","19.7880","2698.1328","19.7880"
"198.0000","19.7980","2699.2153","19.7980"
"198.1000","19.8080","2700.2593","19.8080"
"198.2000","19.8179","2701.3525","19.8179"
"198.3000","19.8279","2702.4077","19.8279"
"198.4000","19.8380","2703.5505","19.8380"
"198.5000","19.8480","2704.5979","19.8480"
"198.6000","19.8580","2705.6787","19.8580"
"198.7000","19.8680","2706.7068","19.8680"
"198.8000","19.8779","2707.7427","19.8779"
"198.9000","19.8879","2708.8103","19.8879"
"199.0000","19.8980","2709.8977","19.8980"
"199.1000","19.9080","2710.9849","19.9080"
"199.2000","19.9180","2712.0691","19.9180"
"199.3000","19.9279","2713.1487","19.9279"
"199.4000","19.9379","2714.1768","19.9379"
"199.5000","19.9480","2715.3462","19.9480"
"199.6000","19.9580","2716.3923","19.9580"
"199.7000","19.9680","2717.4624","19.9680"
"199.8000","19.9780","2718.5381","19.9780"
"199.9000","19.9879","2719.6155","19.9879"
"200.0000","19.9980","2720.7056","19.9980"
"200.1000","20.0080","2721.8105","20.0080"
"200.2000","20.0180","2722.8865","20.0180"
"200.3000","20.0280","2723.9612","20.0280"
"200.4000","20.0379","2725.0293","20.0379"
"200.5000","20.0479","2726.0969","20.0479"
"200.6000","20.0580","2727.2180","20.0580"
"200.7000","20.0680","2728.2742","20.0680"
"200.8000","20.0780","2729.3145","20.0780"
"200.9000","20.0880","2730.3872","20.0880"
"201.0000","20.0979","2731.2986","20.0979"
"201.1000","20.1080","2732.3779","20.1080"
"201.2000","20.1180","2733.4802","20.1180"
"201.3000","20.1280","2734.5261","20.1280"
"201.4000","20.1380","2735.5793","20.1380"
"201.5000","20.1479","2736.6165","20.1479"
"201.6000","20.1579","2737.7102","20.1579"
"201.7000","20.1680","2738.8362","20.1680"
"201.8000","20.1780","2739.8948","20.1780"
"201.9000","20.1880","2740.9553","20.1880"
"202.0000","20.1979","2742.0027","20.1979"
"202.1000","20.2079","2743.0796","20.2079"
"202.2000","20.2180","2744.1755","20.2180"
"202.3000","20.2280","2745.2007","20.2280"
"202.4000","20.2380","2746.2629","20.2380"
"202.5000","20.2480","2747.2527","20.2480"
"202.6000","20.2579","2748.2563","20.2579"
"202.7000","20.2680","2749.3564","20.2680"
"202.8000","20.2780","2750.4226","20.2780"
"202.9000","20.2880","2751.4443","20.2880"
"203.0000","20.2980","2752.4907","20.2980"
"203.1000","20.3079","2753.5171","20.3079"
"203.2000","20.3179","2754.5554","20.3179"
"203.3000","20.3280","2755.5913","20.3280"
"203.4000","20.3380","2756.6558","20.3380"
"203.5000","20.3480","2757.6938","20.3480"
"203.6000","20.3580","2758.7283","20.3580"
"203.7000","20.3679","2759.7583","20.3679"
"203.8000","20.3780","2760.8115","20.3780"
"203.9000","20.3880","2761.9124","20.3880"
"204.0000","20.3980","2762.9700","20.3980"
"204.1000","20.4080","2763.9985","20.4080"
"204.2000","20.4179","2765.0195","20.4179"
"204.3000","20.4279","2766.0898","20.4279"
"204.4000","20.4380","2767.1174","20.4380"
"204.5000","20.4480","2768.1614","20.4480"
"204.6000","20.4580","2769.1680","20.4580"
"204.7000","20.4679","2770.2043","20.4679"
"204.8000","20.4779","2771.2400","20.4779"
"204.9000","20.4880","2772.3379","20.4880"
"205.0000","20.4980","2773.3535","20.4980"
"205.1000","20.5080","2774.3979","20.5080"
"205.2000","20.5180","2775.4221","20.5180"
"205.3000","20.5279","2776.4463","20.5279"
"205.4000","20.5379","2777.4917","20.5379"
"205.5000","20.5480","2778.4841","20.5480"
"205.6000","20.5580","2779.5625","20.5580"
"205.7000","20.5680","2780.6143","20.5680"
"205.8000","20.5779","2781.6125","20.5779"
"205.9000","20.5879","2782.6814","20.5879"
"206.0000","20.5980","2783.7478","20.5980"
"206.1000","20.6080","2784.7141","20.6080"
"206.2000","20.6180","2785.8069","20.6180"
"206.3000","20.6280","2786.8218","20.6280"
"206.4000","20.6379","2787.8296","20.6379"
"206.5000","20.6480","2788.8845","20.6480"
"206.6000","20.6580","2789.8877","20.6580"
"206.7000","20.6680","2790.8877","20.6680"
"206.8000","20.6780","2791.9263","20.6780"
"206.9000","20.6879","2792.9016","20.6879"
"207.0000","20.6979","2793.9934","20.6979"
"207.1000","20.7080","2795.0015","20.7080"
"207.2000","20.7180","2796.0635","20.7180"
"207.3000","20.7280","2797.0242","20.7280"
"207.4000","20.7379","2798.0349","20.7379"
"207.5000","20.7479","2798.9551","20.7479"
"207.6000","20.7580","2799.9956","20.7580"
"207.7000","20.7680","2801.0144","20.7680"
"207.8000","20.7780","2801.9773","20.7780"
"207.9000","20.7880","2802.9644","20.7880"
"208.0000","20.7979","2803.9128","20.7979"
"208.1000","20.8079","2804.9512","20.8079"
"208.2000","20.8180","2805.5957","20.8180"
"208.3000","20.8280","2806.4790","20.8280"
"208.4000","20.8380","2807.4709","20.8380"
"208.5000","20.8479","2808.4309","20.8479"
"208.6000","20.8579","2809.4548","20.8579"
"208.7000","20.8680","2810.4624","20.8680"
"208.8000","20.8780","2811.4509","20.8780"
"208.9000","20.8880","2812.4810","20.8880"
"209.0000","20.8980","2813.4827","20.8980"
"209.1000","20.9079","2814.4604","20.9079"
"209.2000","20.9180","2815.4695","20.9180"
"209.3000","20.9280","2816.4392","20.9280"
"209.4000","20.9380","2817.4827","20.9380"
"209.5000","20.9480","2818.4302","20.9480"
"209.6000","20.9579","2819.4341","20.9579"
"209.7000","20.9679","2820.3833","20.9679"
"209.8000","20.9780","2821.3867","20.9780"
"209.9000","20.9880","2822.3579","20.9880"
"210.0000","20.9980","2823.3328","20.9980"
"210.1000","21.0079","2824.2915","21.0079"
"210.2000","21.0179","2825.2444","21.0179"
"210.3000","21.0280","2826.2473","21.0280"
"210.4000","21.0380","2827.2024","21.0380"
"210.5000","21.0480","2828.1782","21.0480"
"210.6000","21.0580","2829.2041","21.0580"
"210.7000","21.0679","2830.0161","21.0679"
"210.8000","21.0779","2831.0186","21.0779"
"210.9000","21.0880","2831.9595","21.0880"
"211.0000","21.0980","2832.8708","21.0980"
"211.1000","21.1080","2833.7769","21.1080"
"211.2000","21.1179","2834.6472","21.1179"
"211.3000","21.1279","2835.5620","21.1279"
"211.4000","21.1380","2836.4526","21.1380"
"211.5000","21.1480","2837.3101","21.1480"
"211.6000","21.1580","2838.1753","21.1580"
"211.7000","21.1679","2838.9255","21.1679"
"211.8000","21.1779","2839.6709","21.1779"
"211.9000","21.1880","2840.3713","21.1880"
"212.0000","21.1980","2841.0422","21.1980"
"212.1000","21.2080","2841.5840","21.2080"
"212.2000","21.2180","2841.5569","21.2180"
"212.3000","21.2279","2840.5801","21.2279"
"212.4000","21.2379","2509.7327","21.2379"
"212.4220","21.2402","1701.1083","21.2402"
